時刻,緯度,経度,速度(km/h),方向
2025-09-15 00:03:06,-25.95844768024711,32.57553795608752,0,227
2025-09-15 00:13:06,-25.95841859921874,32.576119355905874,0,227
2025-09-15 00:23:06,-25.95765280256396,32.57553202846097,0,227
2025-09-15 00:33:06,-25.958070301575106,32.574834372058376,0,227
2025-09-15 00:43:06,-25.959269394952337,32.57548634109543,0,227
2025-09-15 00:53:06,-25.958309352614616,32.57552320951793,0,227
2025-09-15 01:03:06,-25.960050612946745,32.57632396020516,0,227
2025-09-15 01:13:06,-25.95847351107882,32.57545261554006,0,227
2025-09-15 01:23:06,-25.95863225859459,32.57554787631737,0,227
2025-09-15 01:33:06,-25.959459766954097,32.57499822700885,0,227
2025-09-15 01:43:06,-25.959209364042664,32.57510465771475,0,227
2025-09-15 01:53:06,-25.958481939639267,32.575897449489275,0,227
2025-09-15 02:03:06,-25.9586479299615,32.57473459996649,0,227
2025-09-15 02:13:06,-25.95952597695618,32.575634833331385,0,227
2025-09-15 02:23:06,-25.958960420414957,32.57596285218846,0,227
2025-09-15 02:33:06,-25.959083996441553,32.57598300410759,0,227
2025-09-15 02:43:06,-25.959308764962355,32.575133865589876,0,227
2025-09-15 02:53:06,-25.95801972642117,32.575837614677184,0,227
2025-09-15 03:03:06,-25.95935594602531,32.574712552852105,0,227
2025-09-15 03:13:06,-25.958165696020412,32.5754052870296,0,227
2025-09-15 03:23:06,-25.957952271019074,32.57636946583554,0,227
2025-09-15 03:33:06,-25.958819009547025,32.57607237399855,0,227
2025-09-15 03:43:06,-25.95881721197146,32.57604638296955,0,227
2025-09-15 03:53:06,-25.958664157403472,32.575650076398894,0,227
2025-09-15 04:03:06,-25.95904345428797,32.57617709747932,0,227
2025-09-15 04:13:06,-25.95885556506911,32.57636486265417,0,227
2025-09-15 04:23:06,-25.959389208179896,32.57647453268041,0,227
2025-09-15 04:33:06,-25.959648546236416,32.57543024576306,0,227
2025-09-15 04:43:06,-25.959011251267807,32.57594491374695,0,227
2025-09-15 04:53:06,-25.95865439890956,32.57616706212295,0,227
2025-09-15 05:03:06,-25.95888082265759,32.57547501398086,0,227
2025-09-15 05:13:06,-25.95858264535792,32.575972967951465,0,227
2025-09-15 05:23:06,-25.95871794741343,32.575892296376054,0,227
2025-09-15 05:33:06,-25.959830534022085,32.575143151415766,0,227
2025-09-15 05:43:06,-25.95906335084746,32.57542932145784,0,227
2025-09-15 05:43:25,-25.958521182476215,32.57553525459192,0,227
2025-09-15 05:43:45,-25.958882537365337,32.576244073770376,0,227
2025-09-15 05:44:05,-25.958692924338486,32.576033827703384,0,227
2025-09-15 05:44:25,-25.958817310630295,32.57638420326947,0,227
2025-09-15 05:44:45,-25.959099561560784,32.57424590483153,0,227
2025-09-15 05:45:05,-25.958608781204205,32.57538068123886,0,227
2025-09-15 05:45:25,-25.958806869135806,32.57680275177803,0,227
2025-09-15 05:45:45,-25.958725761792202,32.57594412528774,0,227
2025-09-15 05:46:05,-25.958887506353204,32.576046847059615,0,227
2025-09-15 05:46:25,-25.958259150068464,32.575479373920054,0,227
2025-09-15 05:46:45,-25.958461136132915,32.575533168350745,0,227
2025-09-15 05:47:05,-25.957794443055025,32.57527934226763,0,227
2025-09-15 05:47:25,-25.959031298138854,32.5758469038717,0,227
2025-09-15 05:47:45,-25.958935429787665,32.57617792663959,0,227
2025-09-15 05:48:05,-25.959916850819713,32.57621965997998,0,227
2025-09-15 05:48:25,-25.958889567915815,32.574817513287,0,227
2025-09-15 05:48:29,-25.958039864556987,32.57515040313812,0,227
2025-09-15 05:58:29,-25.958961497849874,32.57549887395949,0,227
2025-09-15 06:08:29,-25.95942043791701,32.57539787134547,0,227
2025-09-15 06:18:29,-25.958381693273225,32.576783610739426,0,227
2025-09-15 06:28:29,-25.95880300874004,32.575757000074894,0,227
2025-09-15 06:38:29,-25.959664319725626,32.57518556956386,0,227
2025-09-15 06:48:29,-25.958561446455782,32.575672645211455,0,227
2025-09-15 06:58:29,-25.959801884541235,32.5751343844612,0,227
2025-09-15 07:08:29,-25.958396370888398,32.575201392404935,0,227
2025-09-15 07:18:29,-25.9588531537328,32.57556119436791,0,227
2025-09-15 07:28:29,-25.959237596584764,32.57641270563398,0,227
2025-09-15 07:38:29,-25.958948530423186,32.57571373583383,0,227
2025-09-15 07:48:29,-25.957288661544183,32.57674317167796,0,227
2025-09-15 07:58:29,-25.95845611550976,32.575230677105445,0,227
2025-09-15 08:08:29,-25.958929090329004,32.57588354853152,0,227
2025-09-15 08:18:29,-25.95852019898504,32.5757631023269,0,227
2025-09-15 08:28:29,-25.958288211446206,32.575173107705986,0,227
2025-09-15 08:38:29,-25.959046911574863,32.57557451975421,0,227
2025-09-15 08:48:29,-25.958323855058314,32.57634558519099,0,227
2025-09-15 08:58:29,-25.95896488688634,32.576119743091816,0,227
2025-09-15 09:08:29,-25.95914260581908,32.57620277738061,0,227
2025-09-15 09:18:29,-25.958721465487862,32.57536754415082,0,227
2025-09-15 09:28:29,-25.95842208108577,32.575819464402635,0,227
2025-09-15 09:38:29,-25.958278691810367,32.57530599708601,0,227
2025-09-15 09:46:04,-25.958909297132998,32.57608196591814,0,227
2025-09-15 09:46:24,-25.958807347934968,32.57508256958596,0,227
2025-09-15 09:46:44,-25.958661577906504,32.57517315678088,0,227
2025-09-15 09:47:04,-25.95885879580915,32.575689051440555,0,227
2025-09-15 09:47:24,-25.9591550002616,32.5759739363251,0,227
2025-09-15 09:47:44,-25.958222376906807,32.575449086201694,0,227
2025-09-15 09:48:04,-25.959198140761988,32.575445023623764,0,227
2025-09-15 09:48:24,-25.95840785493118,32.57580792316271,0,227
2025-09-15 09:48:44,-25.95868936859037,32.574644322275795,0,227
2025-09-15 09:49:04,-25.9592820052479,32.57563751578954,0,227
2025-09-15 09:49:24,-25.958212698089493,32.5750834856923,0,227
2025-09-15 09:49:44,-25.958931568889565,32.57525427466101,0,227
2025-09-15 09:50:04,-25.959898634869667,32.57448974365283,0,227
2025-09-15 09:50:24,-25.9590520287505,32.57626737900053,0,227
2025-09-15 09:50:44,-25.959299778053946,32.57473858380721,0,227
2025-09-15 09:51:04,-25.958462662635693,32.57607999581103,0,227
2025-09-15 09:51:24,-25.95905279359541,32.576063752445506,0,227
2025-09-15 09:51:34,-25.95882208223574,32.57528979318137,0,227
2025-09-15 10:01:34,-25.958868877775796,32.575950250591404,0,227
2025-09-15 10:11:34,-25.95951903425615,32.575688436115655,0,227
2025-09-15 10:21:34,-25.958816312433765,32.57610392117734,0,227
2025-09-15 10:23:06,-25.959573766283274,32.57482871324268,0,227
2025-09-15 10:23:26,-25.960050014590674,32.574680864693725,0,227
2025-09-15 10:23:46,-25.958001175088913,32.575397965555005,0,227
2025-09-15 10:24:06,-25.959510539621682,32.57617576875733,0,227
2025-09-15 10:24:26,-25.958428744158713,32.575040106342485,0,227
2025-09-15 10:24:46,-25.957807888627695,32.57568255583474,0,227
2025-09-15 10:25:06,-25.959006126357675,32.57504210232776,0,227
2025-09-15 10:25:26,-25.959140819013083,32.57592563229945,0,227
2025-09-15 10:25:46,-25.95758310434729,32.575891104287656,0,227
2025-09-15 10:26:06,-25.95920390621431,32.5748405967948,0,227
2025-09-15 10:26:26,-25.958755015254262,32.576860642298776,0,227
2025-09-15 10:26:46,-25.95911327811045,32.57680310827116,0,227
2025-09-15 10:27:06,-25.95915201805325,32.57716303235507,0,227
2025-09-15 10:27:26,-25.95949916064454,32.57499342884487,0,227
2025-09-15 10:27:46,-25.95890680560306,32.57540836534298,0,227
2025-09-15 10:28:06,-25.959165122772117,32.57600004992714,0,227
2025-09-15 10:28:26,-25.95870068918805,32.5758328425051,0,227
2025-09-15 10:28:46,-25.95837530671846,32.57619488089966,0,227
2025-09-15 10:29:06,-25.95934545905638,32.57581507415991,0,227
2025-09-15 10:29:26,-25.95904805748795,32.5753239628154,0,227
2025-09-15 10:29:46,-25.958170746125255,32.57565722699607,0,227
2025-09-15 10:29:52,-25.959413969288914,32.57596492585857,0,227
2025-09-15 10:38:53,-25.958956572369317,32.57540773787184,0,227
2025-09-15 10:38:53,-25.958172025523314,32.57582966831128,0,227
2025-09-15 10:39:13,-25.958439762004716,32.57557392454542,0,227
2025-09-15 10:39:33,-25.958890413894594,32.575967384054806,0,227
2025-09-15 10:39:53,-25.958587053048145,32.57625095381904,0,227
2025-09-15 10:40:13,-25.959281391431556,32.57545784494454,0,227
2025-09-15 10:40:33,-25.95875378111353,32.57585775828869,0,227
2025-09-15 10:40:53,-25.958358270385034,32.575037312808995,0,227
2025-09-15 10:41:13,-25.958241129117745,32.57585716343771,0,227
2025-09-15 10:41:33,-25.9582404021856,32.575110017079766,0,227
2025-09-15 10:41:53,-25.959049658932635,32.574959163529535,0,227
2025-09-15 10:42:13,-25.958944741040707,32.57594814486162,0,227
2025-09-15 10:42:13,-25.959154279382815,32.575632455177576,0,227
2025-09-15 10:42:33,-25.9586807101989,32.57678980721811,0,227
2025-09-15 10:42:53,-25.95944584496858,32.574910528071776,0,227
2025-09-15 10:43:13,-25.959404482656907,32.575819487849,0,227
2025-09-15 10:43:33,-25.958232075853477,32.575654651408534,0,227
2025-09-15 10:43:53,-25.959014104997355,32.57605660649561,0,227
2025-09-15 10:44:11,-25.958272490920233,32.57503734551102,0,227
2025-09-15 10:49:15,-25.958679438556814,32.57535752434333,0,227
2025-09-15 10:49:35,-25.957591003304458,32.57530388516878,0,227
2025-09-15 10:49:55,-25.958094988470332,32.57605157035942,0,227
2025-09-15 10:50:15,-25.95901560544898,32.57522435345585,0,227
2025-09-15 10:50:35,-25.95826141808254,32.57656297808736,0,227
2025-09-15 10:50:55,-25.958872360244015,32.57583260169683,0,227
2025-09-15 10:51:15,-25.958668902959793,32.57588828020877,0,227
2025-09-15 10:51:35,-25.959006282378724,32.575939720110505,0,227
2025-09-15 10:51:55,-25.957761212968407,32.57606961979527,0,227
2025-09-15 10:52:15,-25.957973447849312,32.57528203995831,0,227
2025-09-15 10:52:35,-25.958518270503742,32.57672067164144,0,227
2025-09-15 10:52:55,-25.95935295894419,32.57655359577891,0,227
2025-09-15 10:53:15,-25.9587123480333,32.57608102738208,0,227
2025-09-15 10:53:35,-25.958898089483753,32.57604991704051,0,227
2025-09-15 10:53:55,-25.959015401175833,32.576294656814625,0,227
2025-09-15 10:54:15,-25.95828097902261,32.576160350728735,0,227
2025-09-15 10:54:35,-25.957670960121625,32.57444146516865,0,227
2025-09-15 10:54:55,-25.95955942428775,32.57590296384927,0,227
2025-09-15 10:55:15,-25.95869944994928,32.57586468883475,0,227
2025-09-15 10:55:35,-25.958347807469536,32.57578704644296,0,227
2025-09-15 10:55:55,-25.959346219170484,32.57517791294621,0,227
2025-09-15 10:55:57,-25.958238876607673,32.57605569412979,0,227
2025-09-15 11:05:57,-25.95863162337119,32.57590228388277,0,227
2025-09-15 11:15:57,-25.95915290784708,32.57566224581468,0,227
2025-09-15 11:25:57,-25.9588783416814,32.57571272914401,0,227
2025-09-15 11:35:57,-25.95890446393717,32.575085832428556,0,227
2025-09-15 11:45:57,-25.959310409810485,32.576325289804736,0,227
2025-09-15 11:55:57,-25.958345742063127,32.575446974458906,0,227
2025-09-15 12:05:57,-25.95834521313074,32.57550351366694,0,227
2025-09-15 12:13:50,-25.959641800300655,32.57592696900703,0,227
2025-09-15 12:14:10,-25.95842838160119,32.5752730822216,0,227
2025-09-15 12:14:30,-25.958311423039618,32.57612274562133,0,227
2025-09-15 12:14:50,-25.958892586732436,32.576235960251466,0,227
2025-09-15 12:15:10,-25.95855140337847,32.57548891819384,0,227
2025-09-15 12:15:30,-25.959491839179293,32.5759941815386,0,227
2025-09-15 12:15:50,-25.959102034501107,32.57528647205137,0,227
2025-09-15 12:16:10,-25.959368930576673,32.57600971857958,0,227
2025-09-15 12:16:30,-25.958938475132708,32.575330331995,0,227
2025-09-15 12:16:50,-25.95792205010899,32.575606611259246,0,227
2025-09-15 12:17:10,-25.958891318780182,32.575233581172235,0,227
2025-09-15 12:17:30,-25.959018919056547,32.5751672168994,0,227
2025-09-15 12:17:50,-25.958614003875336,32.57563644129679,0,227
2025-09-15 12:18:10,-25.958398642197675,32.57620779974146,0,227
2025-09-15 12:18:30,-25.95827533097381,32.576193040280806,0,227
2025-09-15 12:18:50,-25.959068366690037,32.57528214539221,0,227
2025-09-15 12:19:10,-25.958744116417694,32.575768868899374,0,227
2025-09-15 12:19:30,-25.95887828447736,32.57575308754338,0,227
2025-09-15 12:19:50,-25.95827424964825,32.57573843687506,0,227
2025-09-15 12:20:10,-25.958819323523493,32.574901820585815,0,227
2025-09-15 12:20:30,-25.95845868008721,32.575211627417666,0,227
2025-09-15 12:20:50,-25.959596761701707,32.576384494566724,0,227
2025-09-15 12:21:10,-25.95941253064743,32.57449189991385,0,227
2025-09-15 12:21:30,-25.959201905392646,32.57515303514837,0,227
2025-09-15 12:21:50,-25.958695482252224,32.57595512139197,0,227
2025-09-15 12:22:10,-25.959204379750368,32.575423193619564,0,227
2025-09-15 12:22:30,-25.958211019122242,32.57455505108011,0,227
2025-09-15 12:22:50,-25.959209657297666,32.57613677680142,0,227
2025-09-15 12:23:10,-25.958861294526972,32.575875638383465,0,227
2025-09-15 12:23:30,-25.95911468154699,32.576370047662,0,227
2025-09-15 12:23:50,-25.959773627977285,32.57684719080393,0,227
2025-09-15 12:24:10,-25.959467191111212,32.57596752714868,0,227
2025-09-15 12:24:30,-25.958796287508736,32.57566236379304,0,227
2025-09-15 12:24:49,-25.95892646216825,32.57588872456873,0,227
2025-09-15 12:34:49,-25.958987718529876,32.57557281053761,0,227
2025-09-15 12:44:49,-25.959078162783214,32.575618522043065,0,227
2025-09-15 12:54:49,-25.958552797748766,32.57527624374344,0,227
2025-09-15 13:04:49,-25.95785811979694,32.576604038443165,0,227
2025-09-15 13:14:49,-25.959414662750703,32.576542893895535,0,227
2025-09-15 13:24:49,-25.95852642636115,32.575876914387656,0,227
2025-09-15 13:34:49,-25.958548658312502,32.57566088332988,0,227
2025-09-15 13:44:49,-25.95854925802317,32.574873485658394,0,227
2025-09-15 13:54:49,-25.958495309903693,32.57484129875396,0,227
2025-09-15 14:04:49,-25.958761232502127,32.57580904456749,0,227
2025-09-15 14:14:49,-25.95800065365221,32.57581155258513,0,227
2025-09-15 14:16:41,-25.958964445516376,32.57529914598013,0,227
2025-09-15 14:17:01,-25.95917766332973,32.575037547888535,0,227
2025-09-15 14:17:21,-25.95885289267456,32.575046563220106,0,227
2025-09-15 14:17:41,-25.958855976609808,32.57523975937827,0,227
2025-09-15 14:18:01,-25.958782222390823,32.57570831660603,0,227
2025-09-15 14:18:21,-25.959331266427032,32.57609986055524,0,227
2025-09-15 14:18:41,-25.959208249202636,32.57567337465753,0,227
2025-09-15 14:19:01,-25.958732516116743,32.57542182983265,0,227
2025-09-15 14:19:21,-25.959010206302843,32.5757330611881,0,227
2025-09-15 14:19:41,-25.95813763678945,32.575815066499594,0,227
2025-09-15 14:20:01,-25.959284838781663,32.57589292438103,0,227
2025-09-15 14:20:21,-25.958194781204856,32.576004063243936,0,227
2025-09-15 14:20:41,-25.959556896007225,32.57480926559685,0,227
2025-09-15 14:21:01,-25.958885751260766,32.5755746783861,0,227
2025-09-15 14:21:21,-25.959461031925063,32.57652679398087,0,227
2025-09-15 14:21:41,-25.958580892843603,32.5759963079115,0,227
2025-09-15 14:21:45,-25.958834141980432,32.57484591570378,0,227
2025-09-15 14:31:45,-25.958259196171454,32.57549132065796,0,227
2025-09-15 14:33:43,-25.958036645330317,32.576081179963786,0,227
2025-09-15 14:34:03,-25.958696034603644,32.57536452933227,0,227
2025-09-15 14:34:23,-25.95837847365295,32.57502209756468,0,227
2025-09-15 14:34:43,-25.95951267056745,32.57733471340422,0,11
2025-09-15 14:34:57,-25.95956912235283,32.57598789854871,8,149
2025-09-15 14:35:02,-25.959110288115422,32.5753628417156,8,126
2025-09-15 14:35:22,-25.959441564758162,32.57587579392973,0,106
2025-09-15 14:35:42,-25.958009291939558,32.576317846980075,3,23
2025-09-15 14:35:53,-25.958699357329788,32.57593532019707,7,56
2025-09-15 14:35:57,-25.958817885624416,32.57680767466269,6,100
2025-09-15 14:36:03,-25.958635458493013,32.576147453232025,7,70
2025-09-15 14:36:07,-25.957804537214972,32.577363397893144,6,40
2025-09-15 14:36:27,-25.957963886938458,32.576769926711734,0,12
2025-09-15 14:36:47,-25.958642287669278,32.5760720272805,0,187
2025-09-15 14:37:07,-25.95860176535992,32.57675557916912,0,138
2025-09-15 14:37:27,-25.958817940727858,32.576471983827645,0,138
2025-09-15 14:37:47,-25.957806181583763,32.57694789702252,0,138
2025-09-15 14:38:07,-25.95860279958054,32.57646867181841,0,138
2025-09-15 14:38:27,-25.95835594855579,32.576791111034005,0,138
2025-09-15 14:38:47,-25.95827368068515,32.57683152423138,0,138
2025-09-15 14:39:07,-25.958655377278607,32.575936696269075,0,138
2025-09-15 14:39:27,-25.95722023201797,32.57638787842499,0,138
2025-09-15 14:39:47,-25.95894071457958,32.57680085804273,0,138
2025-09-15 14:40:07,-25.95881071689989,32.576748346245374,0,138
2025-09-15 14:40:27,-25.959005572996126,32.57627246059298,0,138
2025-09-15 14:40:47,-25.958663395838382,32.5760956599418,0,138
2025-09-15 14:41:07,-25.95834430800762,32.575834644062866,0,138
2025-09-15 14:41:12,-25.958848572976603,32.577045391215,0,138
2025-09-15 14:41:32,-25.958228885365305,32.57631147132871,0,138
2025-09-15 14:41:52,-25.958404232487037,32.57582174340234,0,138
2025-09-15 14:42:12,-25.957167574709146,32.57647337881886,0,138
2025-09-15 14:42:32,-25.95831133798622,32.57694153163106,0,138
2025-09-15 14:42:37,-25.958785554235618,32.57625439904671,0,138
2025-09-15 14:52:37,-25.957638221956447,32.57559086126527,0,138
2025-09-15 15:02:37,-25.95825240743179,32.57524614876571,0,138
2025-09-15 15:12:37,-25.958009605190746,32.576346222822636,0,138
2025-09-15 15:22:37,-25.959036527725225,32.576834375063655,0,138
2025-09-15 15:32:37,-25.958179289278267,32.57674690355067,0,138
2025-09-15 15:39:59,-25.95848751084065,32.57599826844465,0,138
2025-09-15 15:40:10,-25.958309210629388,32.57639771152904,8,333
2025-09-15 15:40:13,-25.958048187266282,32.576489701841304,9,296
2025-09-15 15:40:15,-25.958328932852666,32.5754962163798,14,287
2025-09-15 15:40:18,-25.959114205461358,32.57656396107597,20,241
2025-09-15 15:40:23,-25.958876099511752,32.57671786743386,13,208
2025-09-15 15:40:25,-25.95784573044625,32.57585715799798,11,178
2025-09-15 15:40:45,-25.95835591541939,32.57586007636819,0,151
2025-09-15 15:41:05,-25.95799975178907,32.575819561104865,0,151
2025-09-15 15:41:25,-25.958598628560054,32.57519516208421,0,121
2025-09-15 15:41:45,-25.95854641027152,32.575855695492635,0,133
2025-09-15 15:42:05,-25.959133747769343,32.57609168546536,0,133
2025-09-15 15:42:25,-25.958987415847304,32.576386680847044,0,133
2025-09-15 15:42:35,-25.958446800378024,32.575799909476274,10,165
2025-09-15 15:42:55,-25.95894731105407,32.576844864145265,0,169
2025-09-15 15:43:15,-25.958488726582363,32.57704416060918,0,153
2025-09-15 15:43:35,-25.958850505305506,32.57628467702541,0,153
2025-09-15 15:43:54,-25.959247834474546,32.5770914627145,11,22
2025-09-15 15:44:14,-25.957367825063045,32.577713778498335,11,22
2025-09-15 15:44:18,-25.958279687105946,32.57696088305051,11,344
2025-09-15 15:44:20,-25.957786259064452,32.5778883636478,13,313
2025-09-15 15:44:40,-25.958921715959278,32.57638172923643,0,304
2025-09-15 15:44:51,-25.95831856692818,32.57569933899921,6,7
2025-09-15 15:45:11,-25.957940576572557,32.57601230474105,0,330
2025-09-15 15:45:21,-25.957823909663176,32.57560436347904,8,219
2025-09-15 15:45:41,-25.958280148189324,32.57634578094343,5,216
2025-09-15 15:45:55,-25.95827908009078,32.57696258191538,6,85
2025-09-15 15:46:15,-25.958650511304395,32.576420258082855,0,348
2025-09-15 15:46:35,-25.957505038508913,32.57531861601931,0,348
2025-09-15 15:46:55,-25.957624175947288,32.57585315079053,0,348
2025-09-15 15:47:15,-25.958347057720264,32.57560854790952,0,348
2025-09-15 15:47:35,-25.95831911687544,32.57701624195624,0,348
2025-09-15 15:47:55,-25.958625879779156,32.575802469642625,0,348
2025-09-15 15:48:15,-25.958280435479363,32.57644864915132,0,348
2025-09-15 15:48:35,-25.957328889355303,32.57593998804706,0,348
2025-09-15 15:48:55,-25.95830849533466,32.57633460827898,0,348
2025-09-15 15:49:15,-25.958142406105374,32.575528324899636,0,348
2025-09-15 15:49:35,-25.9588009763468,32.57576039778559,0,348
2025-09-15 15:49:55,-25.958702501195496,32.575133530674925,0,348
2025-09-15 15:50:15,-25.957447345307,32.57535900889862,0,348
2025-09-15 15:50:35,-25.95860742057389,32.57602117576323,0,348
2025-09-15 15:50:55,-25.958491982314932,32.575920430006434,0,348
2025-09-15 15:50:57,-25.95834836133045,32.57570625843869,0,348
2025-09-15 15:51:17,-25.957948770736174,32.5760480588663,0,348
2025-09-15 15:51:36,-25.957965308048976,32.57604648645296,0,348
2025-09-15 15:56:22,-25.9578261080929,32.57590507423412,0,348
2025-09-15 15:56:22,-25.959034141783256,32.57544514879495,0,348
2025-09-15 15:56:42,-25.958419661381317,32.57583452454533,0,348
2025-09-15 15:57:02,-25.958074093948476,32.57564251759798,0,348
2025-09-15 15:57:22,-25.958199385216957,32.57687054637688,5,16
2025-09-15 15:57:27,-25.958860597408787,32.57574117071568,8,50
2025-09-15 15:57:28,-25.95841603994491,32.575898374908554,7,57
2025-09-15 15:57:33,-25.958251045434924,32.57689173188278,10,25
2025-09-15 15:57:36,-25.957170202148955,32.57550732423916,9,351
2025-09-15 15:57:56,-25.957415128147733,32.57629610434995,0,295
2025-09-15 15:58:16,-25.95668683226689,32.57542722813315,0,295
2025-09-15 15:58:36,-25.957607011748124,32.57652554488656,0,290
2025-09-15 15:58:56,-25.957634161388924,32.576468502526595,0,297
2025-09-15 15:59:16,-25.95722817499809,32.576386166916116,0,290
2025-09-15 15:59:36,-25.95737945919938,32.576238416000024,0,288
2025-09-15 15:59:52,-25.957502037268714,32.57555330627133,13,247
2025-09-15 15:59:54,-25.95834452571263,32.573921973432356,18,209
2025-09-15 16:00:14,-25.958476517399003,32.57525236810195,30,211
2025-09-15 16:00:34,-25.96046611959214,32.57343727991099,20,211
2025-09-15 16:00:54,-25.96153752992878,32.573675104602266,8,225
2025-09-15 16:01:14,-25.96107714423954,32.573246455529436,0,210
2025-09-15 16:01:34,-25.960020008912505,32.57273841103378,0,210
2025-09-15 16:01:54,-25.961362267562222,32.57273652973262,11,211
2025-09-15 16:02:14,-25.961034653747298,32.57387116875171,0,218
2025-09-15 16:02:34,-25.96059390145885,32.5736780252657,0,218
2025-09-15 16:02:54,-25.961364246460327,32.57277324726746,0,218
2025-09-15 16:03:14,-25.96074309170818,32.57214513200683,0,218
2025-09-15 16:03:34,-25.961710456891396,32.572926028717816,5,222
2025-09-15 16:03:54,-25.96219893696699,32.572590014186346,0,222
2025-09-15 16:04:14,-25.961826994385437,32.57198528586757,0,222
2025-09-15 16:04:34,-25.9611517028618,32.572263050337796,0,222
2025-09-15 16:04:54,-25.96134845002675,32.57226229252352,0,222
2025-09-15 16:05:14,-25.9613285862877,32.57350541681566,0,206
2025-09-15 16:05:34,-25.96182162574686,32.5731127855448,0,206
2025-09-15 16:05:54,-25.961748316664707,32.571804950663754,0,206
2025-09-15 16:06:14,-25.960950702594,32.572091151182946,0,206
2025-09-15 16:06:34,-25.96173150561807,32.57231530832629,22,213
2025-09-15 16:06:54,-25.963724421650607,32.57166579492806,25,212
2025-09-15 16:07:14,-25.96411108028772,32.571300541450384,0,210
2025-09-15 16:07:34,-25.964101614809845,32.5701960743671,5,239
2025-09-15 16:07:38,-25.962931955018256,32.57027388599117,6,281
2025-09-15 16:07:58,-25.96445299660411,32.569561127458094,12,297
2025-09-15 16:08:18,-25.963865682292855,32.57039982904638,0,294
2025-09-15 16:08:38,-25.96402060215334,32.57056012515756,0,294
2025-09-15 16:08:58,-25.964831163199584,32.57030738905353,0,294
2025-09-15 16:09:18,-25.963527394345277,32.56990556077818,11,305
2025-09-15 16:09:38,-25.963704182157592,32.56872717642728,0,308
2025-09-15 16:09:58,-25.96343256708753,32.569153685925805,0,308
2025-09-15 16:10:18,-25.963392946375777,32.569451615612614,6,299
2025-09-15 16:10:38,-25.962402394075934,32.56897977898011,23,302
2025-09-15 16:10:58,-25.961603580368124,32.56659190220348,28,305
2025-09-15 16:11:13,-25.96168101477056,32.56652489552056,13,262
2025-09-15 16:11:15,-25.961442095616437,32.56665101092341,11,226
2025-09-15 16:11:35,-25.962175134977052,32.56466857215064,11,208
2025-09-15 16:11:55,-25.96309428947797,32.56501913415686,0,216
2025-09-15 16:12:15,-25.9637462025059,32.56454307748887,0,218
2025-09-15 16:12:35,-25.963615183150797,32.56454756215787,11,214
2025-09-15 16:12:55,-25.964441790582,32.56481750619048,20,213
2025-09-15 16:13:15,-25.96598293552635,32.5628170930365,18,208
2025-09-15 16:13:19,-25.96542873785086,32.5638398978742,9,166
2025-09-15 16:13:21,-25.965312650749745,32.56360639185507,12,129
2025-09-15 16:13:41,-25.966103599083358,32.56479639585873,31,122
2025-09-15 16:14:01,-25.967790662571147,32.56636279929798,15,139
2025-09-15 16:14:03,-25.966640269308275,32.566183399866404,13,178
2025-09-15 16:14:05,-25.96691828293015,32.566663038756055,13,216
2025-09-15 16:14:25,-25.969064492844034,32.56605478157602,26,215
2025-09-15 16:14:45,-25.968663372006326,32.564783752311186,0,205
2025-09-15 16:15:05,-25.96863063290858,32.56514199876209,0,205
2025-09-15 16:15:25,-25.96923178084552,32.56484206110118,0,205
2025-09-15 16:15:45,-25.970209144044187,32.564304090578595,16,214
2025-09-15 16:15:53,-25.969045507558647,32.565169241547906,6,250
2025-09-15 16:15:57,-25.969065870569104,32.56458430256845,11,292
2025-09-15 16:16:17,-25.969599321056645,32.56389876988465,0,309
2025-09-15 16:16:37,-25.968569886841273,32.56424322992965,13,305
2025-09-15 16:16:57,-25.967070656798033,32.56279482714201,37,303
2025-09-15 16:17:17,-25.96660132526535,32.560323650613576,40,303
2025-09-15 16:17:28,-25.96619891258298,32.55933131222507,17,334
2025-09-15 16:17:45,-25.965279999902055,32.55991957360863,11,302
2025-09-15 16:18:05,-25.965259807254867,32.558814205133906,39,327
2025-09-15 16:18:25,-25.9633856541248,32.55726404309275,45,327
2025-09-15 16:18:45,-25.960805843314784,32.55629905495839,41,326
2025-09-15 16:19:05,-25.95896441891635,32.555266145265236,45,327
2025-09-15 16:19:25,-25.958000907555487,32.55412793857462,43,328
2025-09-15 16:19:45,-25.955568800292692,32.55124493593748,42,314
2025-09-15 16:19:45,-25.955683657258827,32.552032288963986,42,314
2025-09-15 16:19:56,-25.95450228750072,32.5520127221288,24,350
2025-09-15 16:19:59,-25.95370434309947,32.550695013950076,25,34
2025-09-15 16:20:01,-25.95487774411495,32.55117044301097,26,67
2025-09-15 16:20:09,-25.953814326100996,32.55144047125868,18,34
2025-09-15 16:20:29,-25.954361128905923,32.55141274918844,5,30
2025-09-15 16:20:38,-25.953165419433414,32.55086526680159,6,0
2025-09-15 16:20:56,-25.95380236253778,32.55165176745889,16,327
2025-09-15 16:21:01,-25.953733575021225,32.551716254984704,11,297
2025-09-15 16:21:21,-25.95214830823111,32.55084355189533,39,311
2025-09-15 16:21:41,-25.951785846278778,32.54825743545424,45,316
2025-09-15 16:22:01,-25.949900963255487,32.54757907382023,40,316
2025-09-15 16:22:21,-25.948462095000924,32.54601657158841,44,315
2025-09-15 16:22:41,-25.946809812453996,32.544877365266714,0,322
2025-09-15 16:23:01,-25.947207491173028,32.544334240656426,0,322
2025-09-15 16:23:21,-25.947029958564208,32.54488740850796,25,315
2025-09-15 16:23:41,-25.945445757149823,32.542875350932626,45,311
2025-09-15 16:24:01,-25.94437901406345,32.5421294817661,20,306
2025-09-15 16:24:21,-25.943481561022313,32.541048031456036,0,311
2025-09-15 16:24:41,-25.94414382374385,32.5401025504309,13,309
2025-09-15 16:25:01,-25.943144555058126,32.540425277085575,0,337
2025-09-15 16:25:21,-25.943634329187667,32.54074052521211,6,330
2025-09-15 16:25:41,-25.94246191630051,32.5401388916335,33,311
2025-09-15 16:26:01,-25.94289855271943,32.53681706922809,44,298
2025-09-15 16:26:21,-25.941410757992436,32.53606611860497,32,298
2025-09-15 16:26:41,-25.940066927547672,32.533384850871435,27,298
2025-09-15 16:27:01,-25.93941195475443,32.53249321178746,27,299
2025-09-15 16:27:21,-25.93850899508396,32.5309491000927,43,298
2025-09-15 16:27:41,-25.937003938572225,32.52870451469326,48,298
2025-09-15 16:28:01,-25.936334430495776,32.52656429931798,43,298
2025-09-15 16:28:21,-25.935449413074803,32.52343675540417,46,298
2025-09-15 16:28:41,-25.93441099318816,32.522829902837245,11,301
2025-09-15 16:29:01,-25.933801442057632,32.522929338696756,27,298
2025-09-15 16:29:21,-25.9334689568171,32.520556653241485,16,296
2025-09-15 16:29:41,-25.933157525099624,32.5194555439341,9,300
2025-09-15 16:30:01,-25.932630864022425,32.51853285093515,17,298
2025-09-15 16:30:21,-25.9321340475295,32.51771123394226,15,298
2025-09-15 16:30:41,-25.931567215677937,32.51725920335533,38,316
2025-09-15 16:31:01,-25.930148688492388,32.51658321817069,0,293
2025-09-15 16:31:21,-25.930206779972174,32.51557524309569,0,310
2025-09-15 16:31:41,-25.930978326551635,32.516021776513384,5,289
2025-09-15 16:32:01,-25.93087102880337,32.515530563606504,6,298
2025-09-15 16:32:21,-25.930912530205465,32.515828598646735,0,303
2025-09-15 16:32:41,-25.93017249006748,32.51495457732098,0,279
2025-09-15 16:33:01,-25.929666150330345,32.5156948054857,27,292
2025-09-15 16:33:21,-25.930139964826786,32.51346042659267,48,277
2025-09-15 16:33:41,-25.929080219332228,32.5107464048653,47,249
2025-09-15 16:34:01,-25.931544464907205,32.50781913869444,45,248
2025-09-15 16:34:21,-25.93196047351073,32.505723190013455,42,246
2025-09-15 16:34:41,-25.933660450755664,32.50356362406411,22,241
2025-09-15 16:35:01,-25.933473377054664,32.503343032765656,0,245
2025-09-15 16:35:21,-25.933881120706804,32.503604974836584,0,245
2025-09-15 16:35:41,-25.934596581745865,32.50401618552361,0,245
2025-09-15 16:36:01,-25.933120554695577,32.502174860726754,28,248
2025-09-15 16:36:21,-25.93390066458161,32.500903828796055,45,248
2025-09-15 16:36:41,-25.93478330727921,32.49817802836228,48,247
2025-09-15 16:37:01,-25.935957526502033,32.495050822133244,49,247
2025-09-15 16:37:21,-25.937401442785305,32.49328135677833,47,238
2025-09-15 16:37:41,-25.937862135139657,32.49089424417199,50,237
2025-09-15 16:38:01,-25.93998852267634,32.48899344775693,44,237
2025-09-15 16:38:21,-25.93990705950399,32.48653590336916,37,238
2025-09-15 16:38:41,-25.94156103392559,32.48576260205009,37,236
2025-09-15 16:39:01,-25.942100889009854,32.48499167892257,0,240
2025-09-15 16:39:21,-25.94239768552026,32.48421895739187,0,240
2025-09-15 16:39:41,-25.942369191351133,32.48440274729972,19,237
2025-09-15 16:40:01,-25.943488868602266,32.48292050661128,32,239
2025-09-15 16:40:21,-25.943782947401075,32.482562226116094,24,239
2025-09-15 16:40:41,-25.944741627418917,32.47935418259811,45,237
2025-09-15 16:41:01,-25.945847810225246,32.47736304736871,0,235
2025-09-15 16:41:21,-25.94593268768512,32.47774236031524,24,239
2025-09-15 16:41:41,-25.94735746735314,32.47593400829398,46,238
2025-09-15 16:42:01,-25.94766125188203,32.47547177839967,46,245
2025-09-15 16:42:21,-25.94899172987827,32.47273544400202,35,241
2025-09-15 16:42:41,-25.949954674734965,32.46979064415968,18,247
2025-09-15 16:43:01,-25.950081406340868,32.46908287854484,27,242
2025-09-15 16:43:21,-25.951106966167,32.467633795757735,45,244
2025-09-15 16:43:41,-25.951927452902698,32.46441491319857,41,243
2025-09-15 16:44:01,-25.952439682941115,32.464542067695845,0,260
2025-09-15 16:44:21,-25.952871993126635,32.46237274929063,35,242
2025-09-15 16:44:41,-25.953553085365655,32.46195246401973,14,247
2025-09-15 16:45:01,-25.953938904830583,32.46139219429916,0,249
2025-09-15 16:45:21,-25.953435815907273,32.46082515005497,5,245
2025-09-15 16:45:41,-25.95280869497476,32.46033435831872,0,255
2025-09-15 16:46:01,-25.953591579019726,32.46055738432481,0,255
2025-09-15 16:46:21,-25.953618133465913,32.460766119512236,3,245
2025-09-15 16:46:41,-25.95442158072377,32.46159955992434,0,240
2025-09-15 16:47:01,-25.953293969523795,32.460187122089415,11,244
2025-09-15 16:47:18,-25.9538568902338,32.46031531996368,8,277
2025-09-15 16:47:24,-25.955345539972402,32.46036621073034,6,315
2025-09-15 16:47:44,-25.95374176789726,32.459442936459816,19,331
2025-09-15 16:48:04,-25.95231796673326,32.458821322316965,18,331
2025-09-15 16:48:24,-25.951400141515606,32.45785510923582,21,324
2025-09-15 16:48:44,-25.950414929144703,32.45815050834646,0,332
2025-09-15 16:49:04,-25.94987589436938,32.45735020984151,41,331
2025-09-15 16:49:24,-25.9484309778325,32.455848425837125,48,331
2025-09-15 16:49:44,-25.946299695570417,32.45511446303036,48,331
2025-09-15 16:50:04,-25.943681054672112,32.45447377372463,47,332
2025-09-15 16:50:24,-25.9431538014138,32.452845837888354,0,330
2025-09-15 16:50:44,-25.941471292799594,32.45289562320007,26,334
2025-09-15 16:51:04,-25.940450089889765,32.452603630449424,47,329
2025-09-15 16:51:24,-25.93845494371371,32.45109831022576,45,330
2025-09-15 16:51:44,-25.93567244608262,32.4497419119379,8,343
2025-09-15 16:52:04,-25.935655736536287,32.44915698495257,45,331
2025-09-15 16:52:24,-25.93305071062608,32.44836000177347,45,330
2025-09-15 16:52:44,-25.933151341354048,32.447799825511815,14,333
2025-09-15 16:53:04,-25.932117453287418,32.4462363656271,45,332
2025-09-15 16:53:24,-25.93048331229503,32.44517033586265,44,331
2025-09-15 16:53:44,-25.92873334126332,32.44480488039331,0,314
2025-09-15 16:54:04,-25.928771150669906,32.445197499315384,30,332
2025-09-15 16:54:24,-25.926295171386585,32.44342365119566,44,331
2025-09-15 16:54:44,-25.924666926904376,32.443791273898064,7,328
2025-09-15 16:55:04,-25.924674919666558,32.44284353801731,0,328
2025-09-15 16:55:24,-25.92356209913151,32.44210324128485,32,332
2025-09-15 16:55:44,-25.921720021177805,32.440798302157184,45,331
2025-09-15 16:56:04,-25.92075167667822,32.438775493561906,44,331
2025-09-15 16:56:24,-25.918145675161316,32.43869032742431,38,330
2025-09-15 16:56:44,-25.917532291883663,32.438365120282036,9,332
2025-09-15 16:57:04,-25.91628484862072,32.43805991459854,14,331
2025-09-15 16:57:24,-25.915603098442034,32.437634588452426,13,328
2025-09-15 16:57:44,-25.915689741793184,32.437180695452284,0,331
2025-09-15 16:58:04,-25.91416209460894,32.43594962856696,26,328
2025-09-15 16:58:24,-25.912807165076536,32.43641851839953,12,327
2025-09-15 16:58:44,-25.913155058621324,32.4355133654396,9,326
2025-09-15 16:59:04,-25.91397826390663,32.436092302998304,4,340
2025-09-15 16:59:24,-25.912507759357897,32.43631714736479,0,326
2025-09-15 16:59:44,-25.911236796078988,32.434160734806085,0,356
2025-09-15 17:00:04,-25.91124794925493,32.43469364748114,20,335
2025-09-15 17:00:24,-25.909711856609018,32.43448777149126,44,346
2025-09-15 17:00:44,-25.90786959176018,32.43377099045426,15,358
2025-09-15 17:01:04,-25.908331019396357,32.43319128251797,8,0
2025-09-15 17:01:24,-25.907377500790837,32.43372169448375,6,358
2025-09-15 17:01:44,-25.90744157213341,32.43385007115321,0,358
2025-09-15 17:02:04,-25.90801900293546,32.434919778760914,22,357
2025-09-15 17:02:24,-25.906260212705977,32.43341950715211,0,359
2025-09-15 17:02:44,-25.907555419233777,32.43476531817555,6,359
2025-09-15 17:03:04,-25.906408995799108,32.434061325795405,34,359
2025-09-15 17:03:24,-25.90378607680634,32.43433315848978,46,358
2025-09-15 17:03:44,-25.901837756086437,32.434095224500865,46,358
2025-09-15 17:04:04,-25.89872376596502,32.434340062198366,32,357
2025-09-15 17:04:24,-25.897811271977535,32.43419341814899,12,7
2025-09-15 17:04:44,-25.896458837041443,32.43363459419769,43,358
2025-09-15 17:05:04,-25.89440543628658,32.434020790395465,35,359
2025-09-15 17:05:24,-25.892543929232986,32.433668643367035,19,2
2025-09-15 17:05:44,-25.89185302036863,32.43354836187302,17,359
2025-09-15 17:06:04,-25.89153119701657,32.432935139621485,7,358
2025-09-15 17:06:24,-25.892027936589756,32.433482622458236,14,358
2025-09-15 17:06:44,-25.890024508586915,32.433885019812465,24,359
2025-09-15 17:07:04,-25.88944207785442,32.43303829285575,10,359
2025-09-15 17:07:24,-25.889314587579303,32.43339366254381,0,0
2025-09-15 17:07:44,-25.888037103855545,32.432910475894744,3,0
2025-09-15 17:08:04,-25.888761107055736,32.43352794722731,11,0
2025-09-15 17:08:24,-25.88833435583206,32.4344831457628,11,358
2025-09-15 17:08:44,-25.88791134000323,32.433220447099956,7,341
2025-09-15 17:09:04,-25.88806230181753,32.43401126827732,0,352
2025-09-15 17:09:24,-25.886446551456146,32.43338694250089,0,352
2025-09-15 17:09:44,-25.886516714148563,32.43375744071535,25,358
2025-09-15 17:10:04,-25.885540988169424,32.433262409777235,48,358
2025-09-15 17:10:24,-25.88276392177885,32.4332397417874,49,358
2025-09-15 17:10:44,-25.880664823920274,32.43345965358077,40,358
2025-09-15 17:11:04,-25.879722122775146,32.43293411960336,0,15
2025-09-15 17:11:24,-25.87927707312687,32.43312029887467,10,8
2025-09-15 17:11:44,-25.877025706378284,32.43345319232132,48,0
2025-09-15 17:12:04,-25.875101638281873,32.43290391369025,47,358
2025-09-15 17:12:24,-25.873324966323597,32.43276498959113,46,358
2025-09-15 17:12:44,-25.869901490965262,32.43240463527743,46,353
2025-09-15 17:13:04,-25.867782637610247,32.43271646127537,44,342
2025-09-15 17:13:14,-25.867135737359092,32.43193179982216,22,32
2025-09-15 17:13:34,-25.867252786627777,32.432412944345565,4,61
2025-09-15 17:13:38,-25.86692202485761,32.43299050885665,14,16
2025-09-15 17:13:41,-25.867827463806105,32.43312158105091,19,338
2025-09-15 17:14:01,-25.865888265416867,32.432440091145565,47,331
2025-09-15 17:14:21,-25.863066641418143,32.43126722809721,29,331
2025-09-15 17:14:41,-25.863038644687947,32.4294501070319,0,330
2025-09-15 17:15:01,-25.862086527476027,32.42938500593908,23,332
2025-09-15 17:15:21,-25.86022717683246,32.42969582625759,48,331
2025-09-15 17:15:41,-25.858372895866086,32.42712531451635,47,331
2025-09-15 17:16:01,-25.8559594545274,32.42541227407821,47,331
2025-09-15 17:16:21,-25.854165078587705,32.42471912162999,41,331
2025-09-15 17:16:41,-25.853375711793287,32.42439015756994,12,329
2025-09-15 17:17:01,-25.85285811914514,32.42473226752827,10,331
2025-09-15 17:17:21,-25.852870668327764,32.424475504974104,7,329
2025-09-15 17:17:41,-25.851336397255523,32.42352604138207,41,331
2025-09-15 17:18:01,-25.850089874477362,32.42340631330178,18,331
2025-09-15 17:18:21,-25.849781213824542,32.421188663737155,0,330
2025-09-15 17:18:41,-25.849566886168176,32.4218276974342,0,330
2025-09-15 17:19:01,-25.84854725868688,32.42203555159055,26,331
2025-09-15 17:19:21,-25.845867053616814,32.42007294679419,27,339
2025-09-15 17:19:23,-25.846326806843106,32.420560265915505,20,10
2025-09-15 17:19:25,-25.84630458951008,32.421377798070296,19,50
2025-09-15 17:19:45,-25.846573859287147,32.42168827712104,22,61
2025-09-15 17:20:05,-25.845109828204656,32.42416404365554,46,62
2025-09-15 17:20:15,-25.844363395839046,32.42463952527167,14,21
2025-09-15 17:20:18,-25.845072687194065,32.42431754600467,10,348
2025-09-15 17:20:34,-25.845253463321452,32.424946748458495,8,318
2025-09-15 17:20:37,-25.84575872035697,32.424320601799536,13,281
2025-09-15 17:20:40,-25.84502518535961,32.4225985128297,18,247
2025-09-15 17:20:44,-25.84492872942393,32.4241487914782,15,216
2025-09-15 17:21:00,-25.84464773334977,32.42266765503573,11,175
2025-09-15 17:21:20,-25.845148156357727,32.423520194973804,0,173
2025-09-15 17:21:40,-25.84621529057919,32.422837090001735,0,173
2025-09-15 17:21:52,-25.845437361911397,32.42357590606697,8,205
2025-09-15 17:21:54,-25.845778631083704,32.423189708521306,13,239
2025-09-15 17:22:14,-25.845186956075082,32.42232244686435,42,242
2025-09-15 17:22:34,-25.847184777741944,32.42131704239147,0,229
2025-09-15 17:22:48,-25.847487407764635,32.42053460726519,12,177
2025-09-15 17:22:58,-25.848053077162366,32.42072573143679,29,146
2025-09-15 17:23:18,-25.849268814828612,32.42209916013559,16,149
2025-09-15 17:23:38,-25.848572821924137,32.42233978720493,0,156
2025-09-15 17:23:53,-25.848545541641904,32.42277087233771,7,125
2025-09-15 17:23:56,-25.85058617573035,32.42249985480015,6,170
2025-09-15 17:24:16,-25.84953542016416,32.42315299697779,0,195
2025-09-15 17:24:36,-25.84978251451071,32.422332161794934,0,195
2025-09-15 17:24:41,-25.849635978112996,32.42246868688328,7,123
2025-09-15 17:24:44,-25.849653428805638,32.42135817464343,11,157
2025-09-15 17:25:04,-25.850286393233496,32.422400015010986,19,152
2025-09-15 17:25:24,-25.8509592143929,32.423430757902736,49,151
2025-09-15 17:25:44,-25.853252249744475,32.425413006496704,7,152
2025-09-15 17:25:51,-25.85382044216935,32.42324304770788,13,195
2025-09-15 17:25:54,-25.852463844138814,32.42514302223473,16,227
2025-09-15 17:25:59,-25.852909934638895,32.42462147919367,15,177
2025-09-15 17:26:02,-25.853102481042598,32.4241634666147,8,139
2025-09-15 17:26:22,-25.853526966653323,32.424984405494655,10,151
2025-09-15 17:26:42,-25.854977657937358,32.425356312974884,45,151
2025-09-15 17:27:02,-25.857423864346075,32.42678182060664,49,151
2025-09-15 17:27:22,-25.859948020387982,32.427870193478014,50,151
2025-09-15 17:27:42,-25.86267874447514,32.42927821735377,48,150
2025-09-15 17:28:02,-25.863464923012756,32.429911934859994,10,152
2025-09-15 17:28:22,-25.86291787390603,32.43029943640178,5,161
2025-09-15 17:28:42,-25.864444666421843,32.430264652409655,46,152
2025-09-15 17:29:02,-25.867479099115293,32.43090148446667,46,154
2025-09-15 17:29:22,-25.870148491990193,32.432299964923956,48,167
2025-09-15 17:29:42,-25.871693770665903,32.432856652271454,47,176
2025-09-15 17:30:02,-25.874631054918027,32.43276076026359,49,179
2025-09-15 17:30:22,-25.875579190598053,32.433556735053585,47,178
2025-09-15 17:30:42,-25.87892719681441,32.43338666141192,46,178
2025-09-15 17:31:02,-25.88034190263831,32.432947433407314,6,186
2025-09-15 17:31:22,-25.880725422398637,32.433674835194694,26,179
2025-09-15 17:31:42,-25.881652630120932,32.434055157638646,4,177
2025-09-15 17:32:02,-25.88247618438388,32.43300744735658,28,178
2025-09-15 17:32:22,-25.883880154123524,32.43245029727222,39,179
2025-09-15 17:32:42,-25.886082030255828,32.43335614033022,40,179
2025-09-15 17:33:02,-25.88743382726013,32.434548117814785,9,177
2025-09-15 17:33:22,-25.888413696934805,32.43403732084627,0,179
2025-09-15 17:33:42,-25.887095290017864,32.43362060473132,0,179
2025-09-15 17:34:02,-25.88824919810338,32.43399651308667,0,179
2025-09-15 17:34:22,-25.888449186261635,32.43326907197592,24,179
2025-09-15 17:34:42,-25.88997243995383,32.43399072008955,15,181
2025-09-15 17:35:02,-25.889959030464848,32.433776505256105,0,193
2025-09-15 17:35:22,-25.89047925669641,32.43319877304187,0,193
2025-09-15 17:35:42,-25.89058910407059,32.43401049540627,0,193
2025-09-15 17:36:02,-25.89010166056678,32.43325546190431,33,180
2025-09-15 17:36:22,-25.893137108512473,32.43462672796275,40,176
2025-09-15 17:36:42,-25.894147712448767,32.43339909902975,0,181
2025-09-15 17:37:02,-25.895417907138235,32.43321898090326,35,179
2025-09-15 17:37:22,-25.897730099661132,32.43419520972837,39,178
2025-09-15 17:37:42,-25.898172501291903,32.43372753331754,24,180
2025-09-15 17:38:02,-25.89934844664416,32.43377907971637,24,180
2025-09-15 17:38:22,-25.90104241007984,32.43344677309804,46,179
2025-09-15 17:38:42,-25.90401200077497,32.43365941897721,50,178
2025-09-15 17:39:02,-25.906055617184577,32.433683770206116,46,179
2025-09-15 17:39:22,-25.90807871688489,32.434014333769596,32,178
2025-09-15 17:39:42,-25.90813385790391,32.43361325611987,0,183
2025-09-15 17:40:02,-25.910257562275426,32.434836099664196,47,160
2025-09-15 17:40:22,-25.91125527947904,32.434313208382086,0,155
2025-09-15 17:40:42,-25.9118783438104,32.435008990758035,7,153
2025-09-15 17:41:02,-25.91238505388724,32.43601359281637,27,152
2025-09-15 17:41:22,-25.914012999189545,32.435530362772305,45,151
2025-09-15 17:41:42,-25.91561525901828,32.43766610354966,0,161
2025-09-15 17:42:02,-25.915709002578247,32.437905105160254,44,152
2025-09-15 17:42:22,-25.918801798548298,32.43915162152772,48,152
2025-09-15 17:42:42,-25.919816867635742,32.440771491767926,10,155
2025-09-15 17:43:02,-25.919671814617118,32.44054685346368,27,150
2025-09-15 17:43:22,-25.921871050874874,32.44098690641828,0,165
2025-09-15 17:43:42,-25.92254337419528,32.441681272345186,46,151
2025-09-15 17:44:02,-25.924248475707493,32.44261555398285,46,151
2025-09-15 17:44:22,-25.926935982100712,32.44374948713284,46,150
2025-09-15 17:44:42,-25.928085865470212,32.44465443342123,31,150
2025-09-15 17:45:02,-25.928047608174083,32.44569413587759,0,155
2025-09-15 17:45:22,-25.930083875972677,32.44518920870144,24,151
2025-09-15 17:45:42,-25.931371874953562,32.446311208751204,44,152
2025-09-15 17:46:02,-25.93205306288535,32.44822119265275,33,150
2025-09-15 17:46:22,-25.933205913417975,32.44806873190536,0,148
2025-09-15 17:46:42,-25.934063936325188,32.448828850652355,34,151
2025-09-15 17:47:02,-25.93668598285602,32.449872850607896,42,151
2025-09-15 17:47:22,-25.937160109161685,32.45001793410948,11,158
2025-09-15 17:47:42,-25.937099051877023,32.45027837055345,8,160
2025-09-15 17:48:02,-25.93874184188527,32.450732317423814,49,151
2025-09-15 17:48:22,-25.941107970660948,32.4529145840344,34,152
2025-09-15 17:48:42,-25.942107074959075,32.45350071301006,29,153
2025-09-15 17:49:02,-25.94316975376924,32.45476962524909,0,145
2025-09-15 17:49:02,-25.942863680223716,32.45443897412597,0,145
2025-09-15 17:49:22,-25.9433005104037,32.45403034325765,33,152
2025-09-15 17:49:42,-25.945210548367687,32.455392443674995,38,151
2025-09-15 17:50:02,-25.947989197179176,32.45619620402191,35,153
2025-09-15 17:50:22,-25.948560563287163,32.457515194169005,33,151
2025-09-15 17:50:42,-25.950165275406384,32.4569318780633,0,154
2025-09-15 17:51:02,-25.950628179232123,32.45841966240045,16,151
2025-09-15 17:51:22,-25.950785226967973,32.457754328899505,33,150
2025-09-15 17:51:42,-25.951688090176866,32.459022778237326,27,151
2025-09-15 17:52:02,-25.952893409947027,32.45949397001375,0,153
2025-09-15 17:52:22,-25.953542192900123,32.45974146513319,14,150
2025-09-15 17:52:35,-25.953003812131303,32.46004625360885,27,119
2025-09-15 17:52:40,-25.95358744568216,32.46025531809063,31,86
2025-09-15 17:53:00,-25.952631957559134,32.46269915999205,41,65
2025-09-15 17:53:20,-25.95138073356497,32.463322645453864,43,63
2025-09-15 17:53:40,-25.951059279163633,32.46745660129764,26,64
2025-09-15 17:54:00,-25.951588730996303,32.4677092353684,0,80
2025-09-15 17:54:20,-25.950020677767967,32.468454054572646,33,64
2025-09-15 17:54:40,-25.949906501790792,32.469945916042754,43,65
2025-09-15 17:55:00,-25.949380356329034,32.4714613118171,12,64
2025-09-15 17:55:11,-25.948508289030514,32.47177363812478,9,34
2025-09-15 17:55:13,-25.94833274265109,32.47182514433124,7,67
2025-09-15 17:55:33,-25.948627719935146,32.47196700109421,0,79
2025-09-15 17:55:53,-25.948500943683232,32.471527704382126,8,64
2025-09-15 17:56:13,-25.947431921990734,32.47316949320216,35,64
2025-09-15 17:56:33,-25.947649657076113,32.47528933534673,40,60
2025-09-15 17:56:53,-25.94667830920682,32.475993485843674,41,58
2025-09-15 17:57:13,-25.94521026354878,32.479708120840776,40,58
2025-09-15 17:57:33,-25.944625384616533,32.48013350254879,17,49
2025-09-15 17:57:53,-25.944402314765327,32.48070741060066,0,72
2025-09-15 17:58:13,-25.943608489648774,32.48087826302191,27,63
2025-09-15 17:58:33,-25.943138251427058,32.4819727263696,32,57
2025-09-15 17:58:53,-25.942347552023094,32.482986209558845,0,57
2025-09-15 17:59:13,-25.94236464181583,32.483257539546834,0,57
2025-09-15 17:59:33,-25.94148069946792,32.48345826908106,31,58
2025-09-15 17:59:53,-25.940943937375184,32.486043438611716,25,58
2025-09-15 18:00:13,-25.939901449814588,32.48755855423267,47,57
2025-09-15 18:00:33,-25.938801670432476,32.4899819740533,46,58
2025-09-15 18:00:53,-25.937985086440175,32.491656973054006,45,58
2025-09-15 18:01:13,-25.936240843674582,32.49457701004312,46,62
2025-09-15 18:01:33,-25.935046279107098,32.496665175621715,46,68
2025-09-15 18:01:53,-25.93482327028551,32.498605852228046,46,67
2025-09-15 18:02:13,-25.93539389374964,32.50178901443059,44,67
2025-09-15 18:02:33,-25.93313212877601,32.50339733790955,15,64
2025-09-15 18:02:53,-25.932343852948687,32.5035137604863,7,45
2025-09-15 18:03:13,-25.933317492749868,32.50391987621092,0,64
2025-09-15 18:03:33,-25.932522423929935,32.50326883483185,0,64
2025-09-15 18:03:53,-25.932474329232292,32.50350771971552,0,64
2025-09-15 18:04:13,-25.93337279524229,32.50422688594415,0,64
2025-09-15 18:04:33,-25.932633522831594,32.50404591983255,22,67
2025-09-15 18:04:53,-25.93247945694156,32.50573851949233,39,65
2025-09-15 18:05:13,-25.930274271724745,32.50734873551097,40,69
2025-09-15 18:05:33,-25.931380640714234,32.50991512956227,44,67
2025-09-15 18:05:53,-25.929997867595905,32.51083990109434,26,73
2025-09-15 18:06:13,-25.929219188413995,32.51386409057623,46,97
2025-09-15 18:06:13,-25.930161893277294,32.5137040167118,46,97
2025-09-15 18:06:33,-25.92945812100956,32.515669151031126,14,120
2025-09-15 18:06:53,-25.930602973008842,32.515494754787674,17,117
2025-09-15 18:07:13,-25.93136758713266,32.51805020413238,44,136
2025-09-15 18:07:33,-25.93223546681193,32.51827574597839,46,117
2025-09-15 18:07:53,-25.933803878946645,32.52201729013875,47,118
2025-09-15 18:08:13,-25.936212422925053,32.523961408305865,27,117
2025-09-15 18:08:33,-25.935836151100016,32.52714547462828,46,118
2025-09-15 18:08:53,-25.937522850065942,32.528264407534685,44,117
2025-09-15 18:09:13,-25.93878281424389,32.53080703828423,43,118
2025-09-15 18:09:33,-25.93946939810865,32.5327741557272,40,118
2025-09-15 18:09:53,-25.940745590119068,32.53293957519575,0,131
2025-09-15 18:10:13,-25.940130639798014,32.535100729014886,36,118
2025-09-15 18:10:33,-25.940622783993923,32.53569416867632,43,117
2025-09-15 18:10:53,-25.942350865147347,32.53859857007232,42,112
2025-09-15 18:11:13,-25.943392962004438,32.54083353490285,32,122
2025-09-15 18:11:33,-25.942880559975478,32.5407535361661,18,149
2025-09-15 18:11:53,-25.94422682263446,32.54257049972721,0,158
2025-09-15 18:12:13,-25.945825231547225,32.54147827557903,22,146
2025-09-15 18:12:33,-25.94594759906365,32.54398804049774,38,137
2025-09-15 18:12:53,-25.946529002717412,32.54401125118012,35,137
2025-09-15 18:13:13,-25.948026990281384,32.54581834526304,0,145
2025-09-15 18:13:33,-25.948198567512822,32.54693492578188,39,138
2025-09-15 18:13:53,-25.94952310236823,32.54802940528995,45,135
2025-09-15 18:14:13,-25.951958270210653,32.55039643918428,46,135
2025-09-15 18:14:32,-25.95436442588031,32.55160306332846,39,105
2025-09-15 18:14:36,-25.953853429121867,32.551801147980356,36,70
2025-09-15 18:14:43,-25.952148544455117,32.55273293287253,33,101
2025-09-15 18:14:47,-25.953288644422333,32.552746650548606,33,137
2025-09-15 18:14:51,-25.953411614524374,32.55382246886583,30,169
2025-09-15 18:14:57,-25.954243557582465,32.553825500824395,27,135
2025-09-15 18:15:17,-25.954204812659416,32.5546362128147,41,124
2025-09-15 18:15:37,-25.955854901976892,32.55680947334302,19,120
2025-09-15 18:15:57,-25.956671612216947,32.55674078012379,9,126
2025-09-15 18:16:17,-25.956909755804972,32.55773546897653,25,121
2025-09-15 18:16:37,-25.956872775118168,32.55886755813823,8,127
2025-09-15 18:16:57,-25.95714254549599,32.55887624993463,11,124
2025-09-15 18:17:17,-25.957130996125517,32.559660370247734,31,125
2025-09-15 18:17:37,-25.958148554581275,32.56078171506562,0,120
2025-09-15 18:17:57,-25.959074146968742,32.561650244552716,26,123
2025-09-15 18:18:17,-25.959258038123256,32.562531175003215,31,122
2025-09-15 18:18:37,-25.9602269035302,32.56499204266525,20,116
2025-09-15 18:18:57,-25.96035495119833,32.56460895826848,5,135
2025-09-15 18:19:17,-25.9619101981282,32.5662337434073,23,126
2025-09-15 18:19:37,-25.961691830284735,32.568775412090986,34,121
2025-09-15 18:19:57,-25.961750927653174,32.56849326536275,0,115
2025-09-15 18:20:17,-25.96262533971382,32.569488528328286,23,126
2025-09-15 18:20:37,-25.96307870546771,32.56945193658274,0,117
2025-09-15 18:20:57,-25.96454503706262,32.570003489038484,4,118
2025-09-15 18:21:17,-25.963601527228512,32.56918279743675,0,136
2025-09-15 18:21:37,-25.963982756894104,32.56917878097305,5,108
2025-09-15 18:21:57,-25.96278872500178,32.57019872080047,4,120
2025-09-15 18:22:17,-25.963570163546727,32.57001196229808,0,129
2025-09-15 18:22:37,-25.964194342408263,32.56984028725511,0,129
2025-09-15 18:22:57,-25.963840974369923,32.57105934731281,0,129
2025-09-15 18:23:17,-25.96510765148139,32.57044622567127,10,112
2025-09-15 18:23:22,-25.96406220344976,32.57066456474596,8,159
2025-09-15 18:23:24,-25.962947172650573,32.57074101450353,6,203
2025-09-15 18:23:44,-25.965291015324745,32.57109945570705,29,212
2025-09-15 18:24:04,-25.96494144233668,32.56944387512384,17,220
2025-09-15 18:24:24,-25.967254368285328,32.56848546910573,10,245
2025-09-15 18:24:26,-25.966664071263114,32.56822809275499,8,282
2025-09-15 18:24:30,-25.967161018117533,32.568134885569656,10,321
2025-09-15 18:24:50,-25.964824877488144,32.56862166479635,4,302
2025-09-15 18:25:10,-25.964928837869966,32.56736296350101,24,308
2025-09-15 18:25:13,-25.965774837898675,32.566921018051154,13,269
2025-09-15 18:25:15,-25.965525252603936,32.56624574665941,9,217
2025-09-15 18:25:35,-25.966628915786895,32.56627843422211,33,211
2025-09-15 18:25:55,-25.967662378470127,32.56661473975908,18,212
2025-09-15 18:26:15,-25.96764700423809,32.56432500930264,4,209
2025-09-15 18:26:35,-25.969372215123197,32.56483835071428,10,210
2025-09-15 18:26:55,-25.968231292679846,32.56492860823851,0,203
2025-09-15 18:27:15,-25.968406827296096,32.56519884992191,0,203
2025-09-15 18:27:35,-25.967893644497682,32.56468493370925,12,203
2025-09-15 18:27:37,-25.969693031614533,32.56499079809789,10,163
2025-09-15 18:27:40,-25.969343862672673,32.5651935151321,13,129
2025-09-15 18:28:00,-25.96979062055276,32.56575534261692,14,127
2025-09-15 18:28:12,-25.969797527572172,32.5668272956881,12,96
2025-09-15 18:28:14,-25.96952068770114,32.566385443544725,12,59
2025-09-15 18:28:23,-25.96916960474826,32.56640833231118,19,29
2025-09-15 18:28:43,-25.96917118339206,32.56636235430606,0,28
2025-09-15 18:29:03,-25.96973531141793,32.567006733604025,0,28
2025-09-15 18:29:23,-25.97021022766595,32.56746981914,0,38
2025-09-15 18:29:43,-25.969387099720805,32.56732456568497,4,33
2025-09-15 18:30:03,-25.969310528319586,32.56670726588319,0,34
2025-09-15 18:30:23,-25.967187885106163,32.56711924250289,0,11
2025-09-15 18:30:43,-25.967865921934266,32.56736689920199,0,51
2025-09-15 18:31:03,-25.968690507951013,32.56787872144389,0,50
2025-09-15 18:31:23,-25.968045272179445,32.56735457428635,16,31
2025-09-15 18:31:43,-25.966735421607922,32.567813452614374,0,46
2025-09-15 18:32:03,-25.966853842015325,32.56754518114404,22,31
2025-09-15 18:32:23,-25.965608086937404,32.56903775853498,18,27
2025-09-15 18:32:43,-25.965602388976624,32.56991020716613,15,37
2025-09-15 18:33:03,-25.96504611211768,32.56987868408302,16,32
2025-09-15 18:33:23,-25.963803250176184,32.569701049416544,9,27
2025-09-15 18:33:43,-25.964655110830673,32.56992009617831,0,27
2025-09-15 18:34:03,-25.96427357098099,32.5699132917039,5,15
2025-09-15 18:34:09,-25.96388115971943,32.56972451955174,8,344
2025-09-15 18:34:13,-25.963633520221155,32.56981860289767,6,313
2025-09-15 18:34:33,-25.964061921896008,32.57063354533875,7,311
2025-09-15 18:34:53,-25.962578401205867,32.56999405900149,0,297
2025-09-15 18:35:13,-25.96376009605017,32.57018403869905,0,297
2025-09-15 18:35:33,-25.963737004093964,32.56947047661684,11,298
2025-09-15 18:35:53,-25.961993933522326,32.56849571586558,30,305
2025-09-15 18:36:13,-25.962218272473404,32.567286155537815,26,303
2025-09-15 18:36:33,-25.960091305170657,32.565714552364135,28,306
2025-09-15 18:36:53,-25.961507889516543,32.56503366745139,13,306
2025-09-15 18:37:13,-25.95938869986259,32.56335892382735,32,302
2025-09-15 18:37:33,-25.960734815424622,32.56374468940705,0,291
2025-09-15 18:37:53,-25.95898951913274,32.56203434025849,39,302
2025-09-15 18:38:13,-25.957847608322435,32.56095068865364,41,303
2025-09-15 18:38:33,-25.957191061425576,32.55863128805099,21,300
2025-09-15 18:38:53,-25.956178334188674,32.55867934094169,13,296
2025-09-15 18:39:13,-25.95578152597176,32.557081270429386,11,306
2025-09-15 18:39:33,-25.957173551571927,32.5569461369608,6,302
2025-09-15 18:39:53,-25.955681960264304,32.55683575640016,0,312
2025-09-15 18:40:13,-25.955542674487262,32.55749162858711,8,300
2025-09-15 18:40:33,-25.955849846603908,32.55626465657976,0,318
2025-09-15 18:40:53,-25.95428695293519,32.55550190023776,38,302
2025-09-15 18:41:13,-25.95366795758597,32.553511733558636,39,303
2025-09-15 18:41:20,-25.954216717043742,32.55276449813296,27,260
2025-09-15 18:41:27,-25.953415808422747,32.55263048691061,36,290
2025-09-15 18:41:30,-25.95461000499224,32.552039014630466,37,323
2025-09-15 18:41:39,-25.953050267569008,32.55170509729477,44,289
2025-09-15 18:41:59,-25.9515021868216,32.54932819028039,45,315
2025-09-15 18:42:19,-25.949707904691255,32.54688335897561,46,315
2025-09-15 18:42:39,-25.94886623564501,32.54605317252345,47,315
2025-09-15 18:42:59,-25.9472398589957,32.54581680078385,18,314
2025-09-15 18:43:19,-25.945911919292307,32.54361206489917,45,310
2025-09-15 18:43:39,-25.9452186417835,32.54142741260611,32,307
2025-09-15 18:43:59,-25.94405276163373,32.54055545273923,16,317
2025-09-15 18:44:19,-25.94339962619314,32.540545519362624,6,313
2025-09-15 18:44:39,-25.94299605091091,32.54036776965555,0,326
2025-09-15 18:44:59,-25.943687522673144,32.54015269404125,20,318
2025-09-15 18:45:19,-25.942384175890734,32.537661964283515,35,297
2025-09-15 18:45:39,-25.941632742002636,32.53701328456944,37,299
2025-09-15 18:45:59,-25.940590680434404,32.53392154664334,37,298
2025-09-15 18:46:19,-25.939939141194394,32.53372067376295,0,308
2025-09-15 18:46:39,-25.93996729522393,32.533171105861875,0,308
2025-09-15 18:46:59,-25.94011723542749,32.53345975530611,0,308
2025-09-15 18:47:19,-25.939587566827683,32.53448832640556,0,308
2025-09-15 18:47:39,-25.940128742590172,32.5347481741328,0,308
2025-09-15 18:47:59,-25.939209283867832,32.53262539755627,3,307
2025-09-15 18:48:19,-25.94011900640435,32.53165716916743,35,297
2025-09-15 18:48:39,-25.938320162626663,32.530232611109405,44,298
2025-09-15 18:48:59,-25.937246484845925,32.52880210255938,46,297
2025-09-15 18:49:19,-25.936401191480208,32.527015121307976,44,297
2025-09-15 18:49:39,-25.93524836568813,32.52457478157752,42,297
2025-09-15 18:49:59,-25.934828399878917,32.521988049590846,19,288
2025-09-15 18:50:19,-25.9353398461498,32.52149067535739,0,300
2025-09-15 18:50:39,-25.933429904117496,32.52183102269963,25,296
2025-09-15 18:50:59,-25.93401410610022,32.520279447835385,19,297
2025-09-15 18:51:19,-25.932687525693357,32.518854063128025,4,289
2025-09-15 18:51:39,-25.932831950584102,32.51915479401396,11,297
2025-09-15 18:51:59,-25.932139385422214,32.517413865176096,21,303
2025-09-15 18:52:19,-25.9319326763583,32.51614619311713,35,316
2025-09-15 18:52:39,-25.931704642313353,32.51604375503253,0,297
2025-09-15 18:52:59,-25.93104631882141,32.516133601946734,0,265
2025-09-15 18:53:19,-25.930738646045466,32.515201760681954,0,265
2025-09-15 18:53:24,-25.93107318590132,32.51600607965425,6,299
2025-09-15 18:53:44,-25.93073287784739,32.51599632914237,0,282
2025-09-15 18:54:04,-25.930676282132463,32.5162141825034,0,297
2025-09-15 18:54:24,-25.93127196647315,32.51597965165626,0,282
2025-09-15 18:54:44,-25.931141432311648,32.51598291884308,14,296
2025-09-15 18:55:04,-25.92954297089893,32.514230764603816,44,278
2025-09-15 18:55:24,-25.92962238860644,32.51081090563418,49,251
2025-09-15 18:55:44,-25.930829692202828,32.50929415407889,46,247
2025-09-15 18:56:04,-25.930954173238216,32.506013988530086,48,247
2025-09-15 18:56:24,-25.93246816023185,32.504787561857114,31,248
2025-09-15 18:56:44,-25.933692031360234,32.503265738202984,0,262
2025-09-15 18:57:04,-25.933641032878576,32.50344582589309,0,262
2025-09-15 18:57:24,-25.93386532179846,32.503133290672366,0,262
2025-09-15 18:57:44,-25.932816802793898,32.503445993812605,0,262
2025-09-15 18:58:04,-25.933338734620815,32.503673964365134,0,262
2025-09-15 18:58:24,-25.932529301203388,32.502854763826925,13,251
2025-09-15 18:58:44,-25.93414028484785,32.50151936906027,36,247
2025-09-15 18:59:04,-25.935136782210684,32.49986980283474,46,248
2025-09-15 18:59:24,-25.936081977243223,32.497082982935034,48,247
2025-09-15 18:59:44,-25.936865014535574,32.49539720413999,46,246
2025-09-15 19:00:04,-25.93722499567941,32.492891751552406,48,237
2025-09-15 19:00:24,-25.93984886497044,32.489384992865396,50,238
2025-09-15 19:00:44,-25.93969358932203,32.48806343638544,48,237
2025-09-15 19:01:04,-25.94180516319531,32.48616387562796,23,238
2025-09-15 19:01:24,-25.94144545144595,32.484909050890394,13,235
2025-09-15 19:01:44,-25.941843991170344,32.48463091038331,15,237
2025-09-15 19:02:04,-25.94224290476866,32.48457268734337,0,244
2025-09-15 19:02:24,-25.94200078799851,32.48514916429965,16,239
2025-09-15 19:02:44,-25.942704433518916,32.48279362365985,41,239
2025-09-15 19:03:04,-25.9436414927297,32.47985063852826,19,237
2025-09-15 19:03:24,-25.944459482963463,32.47932532547914,42,238
2025-09-15 19:03:44,-25.944624355747028,32.478402792613394,10,238
2025-09-15 19:04:04,-25.945394522520022,32.477340898003945,3,249
2025-09-15 19:04:24,-25.946564441500026,32.47751823509281,27,236
2025-09-15 19:04:44,-25.946183606804517,32.4775275982438,43,238
2025-09-15 19:05:04,-25.948883221170217,32.47381391850056,44,244
2025-09-15 19:05:24,-25.949402996625956,32.47171469699384,44,244
2025-09-15 19:05:44,-25.94908203965035,32.46941815405341,9,252
2025-09-15 19:05:55,-25.949755217660154,32.47101834847424,6,217
2025-09-15 19:06:15,-25.94890011938865,32.469745041195374,0,284
2025-09-15 19:06:35,-25.94988883709856,32.46999323724299,0,284
2025-09-15 19:06:50,-25.95105753777448,32.46913408237564,9,247
2025-09-15 19:07:10,-25.949486705619837,32.468052719169215,36,243
2025-09-15 19:07:30,-25.951273277052856,32.466858667608406,42,244
2025-09-15 19:07:50,-25.952117024044558,32.46452110877818,27,239
2025-09-15 19:08:10,-25.95213645681151,32.46352277375279,23,245
2025-09-15 19:08:30,-25.952526213336515,32.46270339957349,46,246
2025-09-15 19:08:50,-25.95349542569334,32.45996600558061,16,246
2025-09-15 19:09:10,-25.95363127825978,32.460927818005736,6,244
2025-09-15 19:09:21,-25.95477201797736,32.45958010496802,12,274
2025-09-15 19:09:24,-25.95441641210933,32.46057929945462,15,304
2025-09-15 19:09:27,-25.95380168092866,32.45935105060104,15,336
2025-09-15 19:09:47,-25.951415027756177,32.459652393143735,22,331
2025-09-15 19:10:07,-25.952215198912423,32.45921320200655,0,333
2025-09-15 19:10:27,-25.952013734095857,32.45892192880773,20,331
2025-09-15 19:10:47,-25.950675386180034,32.45864169494943,0,334
2025-09-15 19:11:07,-25.950831983940024,32.45843079615121,30,332
2025-09-15 19:11:27,-25.948130910701234,32.457759174227206,24,327
2025-09-15 19:11:47,-25.94758172428302,32.45631974590229,37,332
2025-09-15 19:12:07,-25.9459013364426,32.45542900354693,45,333
2025-09-15 19:12:27,-25.943899865386083,32.45369807389434,19,331
2025-09-15 19:12:47,-25.94239968900745,32.45332653366198,16,333
2025-09-15 19:13:07,-25.942063360943106,32.45343174792988,10,330
2025-09-15 19:13:27,-25.941111727296718,32.451727984754356,43,331
2025-09-15 19:13:47,-25.94106150633828,32.45216415389314,0,339
2025-09-15 19:14:07,-25.939398581898864,32.45142147346385,28,331
2025-09-15 19:14:27,-25.937663272683757,32.45013523128268,30,329
2025-09-15 19:14:47,-25.93744112773343,32.4500907658235,0,337
2025-09-15 19:15:07,-25.937039327240804,32.44980475860879,30,329
2025-09-15 19:15:27,-25.934851564925527,32.44914657315551,47,331
2025-09-15 19:15:47,-25.932855752136874,32.44740099326622,45,331
2025-09-15 19:16:07,-25.930156584944204,32.44612143928808,48,331
2025-09-15 19:16:27,-25.928831817889854,32.44525953244005,26,330
2025-09-15 19:16:47,-25.92793759762394,32.446011574155385,0,334
2025-09-15 19:17:07,-25.927741969275363,32.444580555762315,44,330
2025-09-15 19:17:27,-25.925839063233866,32.443403003005194,49,331
2025-09-15 19:17:47,-25.923466251796665,32.44233489189434,46,332
2025-09-15 19:18:07,-25.92211171905808,32.4405710008437,6,332
2025-09-15 19:18:27,-25.921800970074294,32.440217598440306,9,332
2025-09-15 19:18:47,-25.921172191479343,32.44119370180271,41,331
2025-09-15 19:19:07,-25.918136028091915,32.43940414983117,47,331
2025-09-15 19:19:27,-25.917375157848696,32.437794417211,46,331
2025-09-15 19:19:47,-25.915018659195912,32.43599235966612,20,336
2025-09-15 19:20:07,-25.914229776683246,32.43684969661599,17,327
2025-09-15 19:20:27,-25.913140600067976,32.436669417361095,36,332
2025-09-15 19:20:47,-25.912110986160346,32.43463928476744,9,332
2025-09-15 19:21:07,-25.91217455024164,32.43430779715326,0,332
2025-09-15 19:21:27,-25.911775643690437,32.435055725293196,25,332
2025-09-15 19:21:47,-25.91074507426167,32.4344512704482,20,342
2025-09-15 19:22:07,-25.909332802412823,32.43365107372246,8,359
2025-09-15 19:22:27,-25.90873302488132,32.43393597384296,13,0
2025-09-15 19:22:47,-25.907890686690052,32.43424636986379,10,356
2025-09-15 19:23:07,-25.90746981933309,32.43352993025493,0,354
2025-09-15 19:23:27,-25.907720514037013,32.43428425499142,8,5
2025-09-15 19:23:47,-25.906151994321764,32.434374618005,0,353
2025-09-15 19:24:07,-25.908211461596064,32.435000938622615,24,358
2025-09-15 19:24:27,-25.90681587922364,32.43444951820827,0,355
2025-09-15 19:24:47,-25.906940907185536,32.43371240671544,10,2
2025-09-15 19:25:07,-25.90589716682538,32.43449349714625,38,359
2025-09-15 19:25:27,-25.902784865583122,32.433972483688784,47,357
2025-09-15 19:25:47,-25.90109582889614,32.434134945133174,47,358
2025-09-15 19:26:07,-25.897882710352786,32.433674990772865,42,355
2025-09-15 19:26:27,-25.897439832492342,32.433366269005504,6,357
2025-09-15 19:26:47,-25.896943158562447,32.43350984198234,49,358
2025-09-15 19:27:07,-25.894749747706513,32.43446116746064,40,358
2025-09-15 19:27:27,-25.892811822398286,32.43385013072028,0,355
2025-09-15 19:27:47,-25.89378252154013,32.43351053211478,10,359
2025-09-15 19:28:07,-25.892712577782373,32.433695154166365,9,3
2025-09-15 19:28:27,-25.891833196483205,32.43345595858363,11,357
2025-09-15 19:28:47,-25.89242721776905,32.43325730799443,9,359
2025-09-15 19:29:07,-25.891797191406642,32.43330493276636,10,358
2025-09-15 19:29:27,-25.891631172471392,32.43364818221792,4,359
2025-09-15 19:29:47,-25.890106050553808,32.4330947425909,5,358
2025-09-15 19:30:07,-25.890649705633614,32.43247808306716,9,5
2025-09-15 19:30:27,-25.889708458406904,32.433046913885654,14,0
2025-09-15 19:30:47,-25.889377306398533,32.433938411385256,0,359
2025-09-15 19:31:07,-25.889293484448647,32.433178615058395,0,359
2025-09-15 19:31:27,-25.888937783939145,32.432906539339136,0,359
2025-09-15 19:31:47,-25.888750470571903,32.43346132220298,0,359
2025-09-15 19:32:07,-25.888989438544147,32.43300335945044,14,358
2025-09-15 19:32:27,-25.88828971161378,32.43279677436855,15,356
2025-09-15 19:32:47,-25.88733420340261,32.43262572480883,11,354
2025-09-15 19:33:07,-25.88706463973804,32.433884538393706,0,359
2025-09-15 19:33:27,-25.886916666754082,32.43336028105032,0,359
2025-09-15 19:33:47,-25.88718366144128,32.43314595996143,16,350
2025-09-15 19:34:07,-25.88457489008861,32.433988428374946,44,356
2025-09-15 19:34:27,-25.88268993247747,32.4334807188119,45,358
2025-09-15 19:34:47,-25.88119820424821,32.43295325677892,39,0
2025-09-15 19:35:07,-25.880211969315553,32.433064561488194,0,9
2025-09-15 19:35:27,-25.87970995293479,32.4333159973163,0,9
2025-09-15 19:35:47,-25.879092709616998,32.43370667741894,18,357
2025-09-15 19:36:07,-25.877949004241533,32.43225150251533,48,358
2025-09-15 19:36:27,-25.875516801985782,32.4327916875803,50,358
2025-09-15 19:36:47,-25.873694141673035,32.433298647114384,45,357
2025-09-15 19:37:07,-25.87180270216776,32.432607773610655,48,356
2025-09-15 19:37:27,-25.8677769323853,32.43279327987513,45,344
2025-09-15 19:37:27,-25.868721870346903,32.43274284054692,45,344
2025-09-15 19:37:47,-25.867151655167422,32.431735309158704,0,348
2025-09-15 19:37:57,-25.86704760757887,32.432557667250734,6,22
2025-09-15 19:37:59,-25.866788824928246,32.432990018664725,12,52
2025-09-15 19:38:19,-25.867543937811295,32.431663478459896,0,71
2025-09-15 19:38:39,-25.866722982900452,32.432786022884905,5,44
2025-09-15 19:38:43,-25.867363865895,32.43291462642532,12,7
2025-09-15 19:38:49,-25.866296295300753,32.43260421927765,25,337
2025-09-15 19:39:09,-25.865911794289588,32.43229320549452,28,331
2025-09-15 19:39:29,-25.863828266862907,32.43054236374034,21,330
2025-09-15 19:39:49,-25.862800680912716,32.42998377264884,14,332
2025-09-15 19:40:09,-25.86284308546785,32.43041837975225,20,329
2025-09-15 19:40:29,-25.861842028488336,32.42889135168172,8,345
2025-09-15 19:40:49,-25.859826994562656,32.428994332725345,39,331
2025-09-15 19:41:09,-25.858730536245147,32.42869829109743,37,330
2025-09-15 19:41:29,-25.857300934875497,32.426458673586616,27,331
2025-09-15 19:41:49,-25.856085555867843,32.42588309232077,32,330
2025-09-15 19:42:09,-25.85479182837709,32.42472336492795,27,331
2025-09-15 19:42:29,-25.8534581013445,32.42450130244258,9,326
2025-09-15 19:42:49,-25.852304170118963,32.42365911717345,14,320
2025-09-15 19:43:09,-25.852527310810398,32.42480640182895,6,354
2025-09-15 19:43:29,-25.851886583620463,32.424045542864675,39,331
2025-09-15 19:43:49,-25.849803877890547,32.42254643407187,10,333
2025-09-15 19:44:09,-25.849115306665038,32.42185815208777,19,327
2025-09-15 19:44:29,-25.84949633200309,32.421500788662414,12,331
2025-09-15 19:44:49,-25.84743231974513,32.420996783880014,33,332
2025-09-15 19:45:06,-25.84775216018659,32.41974591388444,12,11
2025-09-15 19:45:09,-25.8461779011747,32.42081980067451,11,48
2025-09-15 19:45:29,-25.84631988997057,32.42226178551601,42,63
2025-09-15 19:45:49,-25.84504529568485,32.424257226176074,27,62
2025-09-15 19:45:56,-25.844822367131453,32.424307318072074,9,9
2025-09-15 19:46:08,-25.845079411506948,32.42416429300336,11,53
2025-09-15 19:46:11,-25.845318122784832,32.423871911113096,11,104
2025-09-15 19:46:13,-25.844540170605757,32.42434958039892,12,141
2025-09-15 19:46:21,-25.8446337716365,32.424385548636494,9,177
2025-09-15 19:46:24,-25.84488737161046,32.42327013389852,10,218
2025-09-15 19:46:28,-25.84521269969397,32.424233306546284,7,255
2025-09-15 19:46:48,-25.845108005931664,32.42428308677188,0,258
2025-09-15 19:47:08,-25.846139297362164,32.42334113511367,35,240
2025-09-15 19:47:28,-25.845994764244292,32.42207831687192,32,242
2025-09-15 19:47:42,-25.84779767358178,32.420859465358305,13,202
2025-09-15 19:47:44,-25.847530062516235,32.420138236150585,15,168
2025-09-15 19:48:04,-25.849287504928558,32.42210908823561,35,152
2025-09-15 19:48:24,-25.84943289027508,32.42124855994793,0,160
2025-09-15 19:48:44,-25.849411987904606,32.422073995864984,0,160
2025-09-15 19:49:04,-25.849642850428882,32.423079188862516,20,151
2025-09-15 19:49:24,-25.85186348531929,32.42273760036892,20,151
2025-09-15 19:49:44,-25.852299071765618,32.423957612552314,29,150
2025-09-15 19:50:04,-25.85385375257476,32.42495103388362,24,151
2025-09-15 19:50:24,-25.85368573545531,32.423622562999384,8,152
2025-09-15 19:50:32,-25.853437251540306,32.4241740111949,9,185
2025-09-15 19:50:34,-25.852898142203813,32.42396978221166,9,217
2025-09-15 19:50:44,-25.85361426891671,32.42478417343204,11,182
2025-09-15 19:51:04,-25.854420303086265,32.4246520487686,3,166
2025-09-15 19:51:24,-25.85447401730763,32.42464035290326,34,153
2025-09-15 19:51:44,-25.856709044168632,32.425663535889186,38,151
2025-09-15 19:52:04,-25.85794699098002,32.427961865178645,39,152
2025-09-15 19:52:24,-25.86045205071609,32.42820871761365,45,152
2025-09-15 19:52:44,-25.862146869999528,32.42879983760848,36,149
2025-09-15 19:53:04,-25.862485917449636,32.43046190464491,0,156
2025-09-15 19:53:24,-25.863182291473283,32.42982043989983,0,156
2025-09-15 19:53:44,-25.862560210725302,32.42989451485489,25,154
2025-09-15 19:54:04,-25.865400289627857,32.431209401446665,45,151
2025-09-15 19:54:24,-25.866736094080807,32.431481058775184,39,153
2025-09-15 19:54:44,-25.86893007062605,32.432682494016596,40,165
2025-09-15 19:55:04,-25.870677503340012,32.432492168168636,47,173
2025-09-15 19:55:24,-25.872635867450033,32.433464691015004,47,177
2025-09-15 19:55:44,-25.875861129357254,32.43236878685927,48,177
2025-09-15 19:56:04,-25.87800298661201,32.43315268830725,47,177
2025-09-15 19:56:24,-25.87928120647307,32.43448982713554,27,178
2025-09-15 19:56:44,-25.881533516228327,32.43418356139718,48,175
2025-09-15 19:57:04,-25.883814247088957,32.43338670155423,47,178
2025-09-15 19:57:24,-25.88623566117121,32.43493755498893,46,179
2025-09-15 19:57:44,-25.888481628401895,32.4335284643107,18,180
2025-09-15 19:58:04,-25.88895634394025,32.433716861658546,12,185
2025-09-15 19:58:24,-25.888738062629038,32.43325467965042,0,172
2025-09-15 19:58:44,-25.889417070825978,32.43477542932364,0,172
2025-09-15 19:59:04,-25.88920948336819,32.433912002021685,21,179
2025-09-15 19:59:24,-25.89131813178491,32.434732439758875,42,178
2025-09-15 19:59:44,-25.893629393157422,32.433491349243376,30,177
2025-09-15 20:00:04,-25.89537491454398,32.433395243853205,44,179
2025-09-15 20:00:24,-25.89812358881727,32.43412091354173,41,178
2025-09-15 20:00:44,-25.898881555481065,32.4346671294127,0,188
2025-09-15 20:01:04,-25.900169375597798,32.434609527305234,45,177
2025-09-15 20:01:24,-25.902703621363894,32.4339648741244,46,178
2025-09-15 20:01:44,-25.904994995007705,32.433934484119355,45,179
2025-09-15 20:02:04,-25.906818934681137,32.43483841742086,32,179
2025-09-15 20:02:24,-25.90762989380434,32.43397291412992,8,181
2025-09-15 20:02:44,-25.908015185603027,32.434839276901585,0,181
2025-09-15 20:03:04,-25.908478318038146,32.43359709495365,0,181
2025-09-15 20:03:24,-25.90825343593283,32.43543558405676,41,178
2025-09-15 20:03:44,-25.91114379363354,32.43474474092346,32,151
2025-09-15 20:04:04,-25.911298204900536,32.43637871645116,0,152
2025-09-15 20:04:24,-25.91417582358435,32.436484143673255,49,151
2025-09-15 20:04:44,-25.915101959827727,32.43736931118107,47,152
2025-09-15 20:05:04,-25.91781940427778,32.43849269513592,46,152
2025-09-15 20:05:04,-25.91665974829063,32.43853474450267,46,152
2025-09-15 20:05:24,-25.9177652334855,32.4388930508948,46,152
2025-09-15 20:05:44,-25.920982850653562,32.44070925590239,28,153
2025-09-15 20:06:04,-25.923002690989144,32.44262689355907,36,151
2025-09-15 20:06:24,-25.92483736396262,32.44249433545065,47,152
2025-09-15 20:06:44,-25.92632316055726,32.44447501557858,49,151
2025-09-15 20:07:04,-25.93035887384975,32.44531810140648,27,152
2025-09-15 20:07:24,-25.929463625843052,32.446377471513145,26,152
2025-09-15 20:07:44,-25.9316543162664,32.44692519039952,47,151
2025-09-15 20:08:04,-25.934299206060864,32.4485856848097,24,150
2025-09-15 20:08:24,-25.933243494921417,32.449380889466305,29,152
2025-09-15 20:08:44,-25.936022299435045,32.4496919285154,47,151
2025-09-15 20:09:04,-25.93782344032654,32.450994295372794,50,149
2025-09-15 20:09:24,-25.93982533999782,32.451799390215086,48,151
2025-09-15 20:09:44,-25.941755147014813,32.45337329517454,47,151
2025-09-15 20:10:04,-25.944443429024535,32.454237764826644,47,151
2025-09-15 20:10:24,-25.945478976380947,32.45604451977455,47,151
2025-09-15 20:10:44,-25.94691600558817,32.45663067731457,47,152
2025-09-15 20:11:04,-25.95055540448621,32.45828862576317,48,150
2025-09-15 20:11:24,-25.952729487646714,32.458992375400555,10,155
2025-09-15 20:11:44,-25.95162180655661,32.45956572549717,29,147
2025-09-15 20:12:04,-25.951795094770326,32.461050215760196,10,150
2025-09-15 20:12:20,-25.953490008286877,32.46034847452699,35,115
2025-09-15 20:12:23,-25.954799993660192,32.4615537730693,41,79
2025-09-15 20:12:43,-25.95111464323965,32.46299352358835,46,62
2025-09-15 20:13:03,-25.950253954870117,32.466501315614515,47,64
2025-09-15 20:13:23,-25.95146837722738,32.46677241365776,0,66
2025-09-15 20:13:43,-25.94927747317697,32.46957105779829,47,65
2025-09-15 20:14:03,-25.94952001214665,32.47107774748057,45,63
2025-09-15 20:14:23,-25.949415995375478,32.4717304080203,0,67
2025-09-15 20:14:43,-25.948092319241248,32.47239442246523,26,63
2025-09-15 20:15:03,-25.946333215764348,32.473245537814954,45,65
2025-09-15 20:15:23,-25.947371184143748,32.47615499011086,47,57
2025-09-15 20:15:43,-25.94576746819912,32.47891869765477,47,58
2025-09-15 20:16:03,-25.944553421874183,32.48069115112468,36,59
2025-09-15 20:16:23,-25.94359635576867,32.48171081284746,32,54
2025-09-15 20:16:43,-25.943158207378882,32.483311223715674,15,57
2025-09-15 20:17:03,-25.942458432377006,32.48389006913987,24,51
2025-09-15 20:17:23,-25.941988360054417,32.48451454059709,26,59
2025-09-15 20:17:43,-25.94093348851397,32.48629429325676,23,62
2025-09-15 20:18:03,-25.940032746353864,32.48848033491551,45,58
2025-09-15 20:18:23,-25.939638446242935,32.49085319775119,46,58
2025-09-15 20:18:43,-25.937278579224273,32.493334601285305,48,57
2025-09-15 20:19:03,-25.936363106019538,32.49484997290281,48,68
2025-09-15 20:19:23,-25.935980901256862,32.49711820305734,46,68
2025-09-15 20:19:43,-25.933886616769023,32.49972937116465,47,66
2025-09-15 20:20:03,-25.933367562274913,32.5029117523464,46,67
2025-09-15 20:20:23,-25.93256661188972,32.50352787905267,0,72
2025-09-15 20:20:43,-25.93322024230491,32.50292857024363,22,64
2025-09-15 20:21:03,-25.932271156442585,32.505902148898045,45,67
2025-09-15 20:21:23,-25.931686267503576,32.50910405101822,47,67
2025-09-15 20:21:43,-25.929921348378343,32.51067271854487,40,70
2025-09-15 20:22:03,-25.930287737483596,32.51205493834323,48,84
2025-09-15 20:22:23,-25.930803001542035,32.51515122227606,37,103
2025-09-15 20:22:43,-25.929218977164197,32.51478762563902,0,119
2025-09-15 20:23:03,-25.92959258652555,32.51509129737457,0,119
2025-09-15 20:23:23,-25.929442745865913,32.51663578889401,0,119
2025-09-15 20:23:43,-25.931228478449988,32.516038162948085,0,119
2025-09-15 20:23:53,-25.92948945712308,32.51563246844205,6,284
2025-09-15 20:24:04,-25.929832337628888,32.51478846892163,7,161
2025-09-15 20:24:09,-25.930756018773025,32.515012426440315,7,131
2025-09-15 20:24:11,-25.930547125665285,32.51518907502955,9,98
2025-09-15 20:24:31,-25.93078900156738,32.51666733122435,10,112
2025-09-15 20:24:51,-25.931406558896917,32.51636420254659,47,135
2025-09-15 20:25:11,-25.93279430478938,32.51916468396142,48,117
2025-09-15 20:25:31,-25.933404523471918,32.52160060107024,42,116
2025-09-15 20:25:51,-25.934784848918977,32.5240880682053,45,118
2025-09-15 20:26:11,-25.936166580612237,32.52617940513558,45,118
2025-09-15 20:26:31,-25.936947744066185,32.52948385010067,44,118
2025-09-15 20:26:51,-25.938735548470294,32.5305340813206,41,118
2025-09-15 20:26:51,-25.938679750505248,32.53057356004644,41,118
2025-09-15 20:27:11,-25.93919238718349,32.532229905272814,48,116
2025-09-15 20:27:31,-25.94053802882186,32.5353638122194,49,117
2025-09-15 20:27:51,-25.941715196573647,32.5378830098396,46,117
2025-09-15 20:28:11,-25.942388106721527,32.53946582799551,46,112
2025-09-15 20:28:31,-25.94361129039535,32.54108045452843,0,133
2025-09-15 20:28:51,-25.944357995424937,32.54083165796778,38,146
2025-09-15 20:29:11,-25.945036740935727,32.54341013092984,46,137
2025-09-15 20:29:31,-25.947554132320874,32.54586258886361,46,136
2025-09-15 20:29:51,-25.94858681388438,32.5467063359367,48,135
2025-09-15 20:30:11,-25.95062541799981,32.54951876913001,45,136
2025-09-15 20:30:31,-25.953014915502074,32.5508400863326,46,129
2025-09-15 20:30:42,-25.95348340813067,32.552146353530695,38,98
2025-09-15 20:30:45,-25.9528530429752,32.5520812583484,41,67
2025-09-15 20:30:51,-25.953379364899014,32.55277279631535,38,103
2025-09-15 20:30:54,-25.952736371386106,32.55289926281654,38,134
2025-09-15 20:30:57,-25.953360008060702,32.55272878564106,36,165
2025-09-15 20:31:03,-25.95323401732501,32.55341199482558,32,129
2025-09-15 20:31:23,-25.95466985762098,32.55566142345091,44,123
2025-09-15 20:31:43,-25.955402167074258,32.557124652588236,13,113
2025-09-15 20:32:03,-25.956368381298788,32.55785961345079,9,125
2025-09-15 20:32:23,-25.956201419632862,32.55866448380883,19,122
2025-09-15 20:32:43,-25.956457740656788,32.558551493527,0,127
2025-09-15 20:33:03,-25.95750034311491,32.558338145018375,12,119
2025-09-15 20:33:23,-25.957437433993665,32.56115916959192,14,124
2025-09-15 20:33:43,-25.95862419748974,32.56078811154654,15,122
2025-09-15 20:34:03,-25.95890318681451,32.561578853709435,22,121
2025-09-15 20:34:23,-25.95934627152494,32.56316720526178,20,123
2025-09-15 20:34:43,-25.959921968599303,32.56373205890531,23,122
2025-09-15 20:35:03,-25.960402202426593,32.56444675014565,0,123
2025-09-15 20:35:23,-25.961475184489213,32.565428463388955,21,126
2025-09-15 20:35:43,-25.961072244753527,32.566236783669765,24,122
2025-09-15 20:36:03,-25.961174285923434,32.56762638457255,30,121
2025-09-15 20:36:23,-25.962631072448204,32.56900041017984,12,127
2025-09-15 20:36:43,-25.961996679616608,32.56927562196544,11,123
2025-09-15 20:36:55,-25.961833904837206,32.56935410400285,12,91
2025-09-15 20:36:57,-25.963276890741913,32.569413932567926,13,53
2025-09-15 20:37:17,-25.961924430835342,32.56934818282105,18,32
2025-09-15 20:37:37,-25.960368330339648,32.569791200811814,11,28
2025-09-15 20:37:57,-25.960346478567146,32.57112931245933,26,38
2025-09-15 20:38:17,-25.9597454353845,32.57100643065466,16,80
2025-09-15 20:38:19,-25.959633489927956,32.57197666678436,19,124
2025-09-15 20:38:39,-25.96008927337733,32.57215708017605,20,122
2025-09-15 20:38:53,-25.96134418258761,32.57328928989063,16,90
2025-09-15 20:38:56,-25.96107137470027,32.57388222841924,16,48
2025-09-15 20:39:16,-25.95993467895591,32.57358302672537,22,33
2025-09-15 20:39:36,-25.958401749681705,32.57382230517331,0,45
2025-09-15 20:39:43,-25.95843438681476,32.574155453969325,9,76
2025-09-15 20:39:46,-25.95876713704499,32.57521907717204,8,112
2025-09-15 20:40:06,-25.958693594534672,32.57549786240849,10,121
2025-09-15 20:40:26,-25.958705347644795,32.57555199516491,0,120
2025-09-15 20:40:39,-25.959277950998395,32.57656523832461,13,79
2025-09-15 20:40:41,-25.958846312267994,32.575700719010854,16,42
2025-09-15 20:41:01,-25.958227846426258,32.57694712045169,10,33
2025-09-15 20:41:16,-25.958009052460213,32.57687287509523,13,0
2025-09-15 20:41:17,-25.95816440768925,32.576420246068,14,327
2025-09-15 20:41:20,-25.957719937239922,32.576581362572874,13,297
2025-09-15 20:41:23,-25.957969391709195,32.576811347665775,7,245
2025-09-15 20:41:43,-25.956892952534037,32.57630485626188,0,242
2025-09-15 20:42:03,-25.958583782362027,32.57685557061051,0,244
2025-09-15 20:42:23,-25.958714243947526,32.57682054037999,0,244
2025-09-15 20:42:41,-25.958381871620517,32.575845562149965,6,212
2025-09-15 20:43:01,-25.95861514034493,32.57546856908093,3,204
2025-09-15 20:43:13,-25.958116363228815,32.575983182570745,6,144
2025-09-15 20:43:33,-25.95878857111384,32.57607827300196,0,125
2025-09-15 20:43:53,-25.959282415434714,32.57622376057656,0,154
2025-09-15 20:44:13,-25.959995114857374,32.57524703795288,0,154
2025-09-15 20:44:33,-25.959253093432114,32.57657668954346,0,154
2025-09-15 20:44:53,-25.95778405182066,32.576621260568935,0,154
2025-09-15 20:45:13,-25.958455638279347,32.575501833715904,0,154
2025-09-15 20:45:33,-25.95861925981562,32.575812714356104,0,154
2025-09-15 20:45:53,-25.958250233176507,32.575525222227334,0,154
2025-09-15 20:46:13,-25.95867176994588,32.57640011341706,0,154
2025-09-15 20:46:20,-25.95949369837339,32.576224837885256,0,154
2025-09-15 20:46:40,-25.958862020163302,32.57654427300849,0,154
2025-09-15 20:47:00,-25.95935159446845,32.57609859604592,0,154
2025-09-15 20:47:20,-25.95872842762191,32.57632283327925,0,154
2025-09-15 20:47:40,-25.958828640754053,32.576415154120376,0,154
2025-09-15 20:48:00,-25.95882149966487,32.57612448234213,0,154
2025-09-15 20:48:20,-25.958012963965924,32.57603534851901,0,154
2025-09-15 20:48:40,-25.958640313953143,32.57619829185927,0,154
2025-09-15 20:49:00,-25.958311737106463,32.57666007182424,0,154
2025-09-15 20:49:20,-25.958737833273787,32.5761173785766,0,154
2025-09-15 20:49:40,-25.958369554485895,32.57620189903555,0,154
2025-09-15 20:50:00,-25.958375614214987,32.57607239834619,0,154
2025-09-15 20:50:20,-25.958386129709915,32.57698397118077,0,154
2025-09-15 20:50:40,-25.95877856812157,32.5755428048344,0,154
2025-09-15 20:51:00,-25.95805674584024,32.575807810563276,0,154
2025-09-15 20:51:20,-25.958175404621045,32.575564738732055,0,154
2025-09-15 20:51:24,-25.95877900364949,32.57645409547237,0,154
2025-09-15 21:01:24,-25.959360829871073,32.575200639160784,0,154
2025-09-15 21:11:24,-25.958504212185854,32.57530936500763,0,154
2025-09-15 21:21:24,-25.95839804189003,32.57691310999296,0,154
2025-09-15 21:31:24,-25.959012332361254,32.57644400123506,0,154
2025-09-15 21:41:24,-25.959027897856767,32.57606925492354,0,154
2025-09-15 21:51:24,-25.95922966643664,32.576303884531285,0,154
2025-09-15 22:01:24,-25.95895725910557,32.57616923582782,0,154
2025-09-15 22:11:24,-25.95894927471466,32.57673905463238,0,154
2025-09-15 22:21:24,-25.959490627793798,32.57668779740691,0,154
2025-09-15 23:55:48,-25.95863911024877,32.575904029145946,0,209
2025-09-15 23:56:08,-25.958377972516157,32.57603651781396,0,209
2025-09-15 23:56:28,-25.959020014123233,32.57680520222158,0,209
2025-09-15 23:56:48,-25.958943417814563,32.57623371385007,0,209
2025-09-15 23:57:08,-25.95886529586702,32.57572963364649,0,209
2025-09-15 23:57:28,-25.959070959205214,32.57651008473941,0,209
2025-09-15 23:57:48,-25.959466179904776,32.57608647721701,0,209
2025-09-15 23:58:08,-25.959310374427282,32.576507139316206,0,209
