"時刻","緯度","経度","速度(km/h)","方向"
"2025/09/15 00:03:52",-25.958809,32.575672,0,227
"2025/09/15 00:13:52",-25.958809,32.575672,0,227
"2025/09/15 00:23:52",-25.958809,32.575672,0,227
"2025/09/15 00:33:52",-25.958809,32.575672,0,227
"2025/09/15 00:43:52",-25.958809,32.575672,0,227
"2025/09/15 00:53:52",-25.958809,32.575672,0,227
"2025/09/15 01:03:52",-25.958809,32.575672,0,227
"2025/09/15 01:13:52",-25.958809,32.575672,0,227
"2025/09/15 01:23:52",-25.958809,32.575672,0,227
"2025/09/15 01:33:52",-25.958809,32.575672,0,227
"2025/09/15 01:43:52",-25.958809,32.575672,0,227
"2025/09/15 01:53:52",-25.958809,32.575672,0,227
"2025/09/15 02:03:52",-25.958809,32.575672,0,227
"2025/09/15 02:13:52",-25.958809,32.575672,0,227
"2025/09/15 02:23:52",-25.958809,32.575672,0,227
"2025/09/15 02:33:52",-25.958809,32.575672,0,227
"2025/09/15 02:43:52",-25.958809,32.575672,0,227
"2025/09/15 02:53:52",-25.958809,32.575672,0,227
"2025/09/15 03:03:52",-25.958809,32.575672,0,227
"2025/09/15 03:13:52",-25.958809,32.575672,0,227
"2025/09/15 03:23:52",-25.958809,32.575672,0,227
"2025/09/15 03:33:52",-25.958809,32.575672,0,227
"2025/09/15 03:43:52",-25.958809,32.575672,0,227
"2025/09/15 03:53:52",-25.958809,32.575672,0,227
"2025/09/15 04:03:52",-25.958809,32.575672,0,227
"2025/09/15 04:13:52",-25.958809,32.575672,0,227
"2025/09/15 04:23:52",-25.958809,32.575672,0,227
"2025/09/15 04:33:52",-25.958809,32.575672,0,227
"2025/09/15 04:43:52",-25.958809,32.575672,0,227
"2025/09/15 04:53:52",-25.958809,32.575672,0,227
"2025/09/15 05:03:52",-25.958809,32.575672,0,227
"2025/09/15 05:13:52",-25.958809,32.575672,0,227
"2025/09/15 05:23:52",-25.958809,32.575672,0,227
"2025/09/15 05:33:52",-25.958809,32.575672,0,227
"2025/09/15 05:43:52",-25.958809,32.575672,0,227
"2025/09/15 05:44:11",-25.958809,32.575672,0,227
"2025/09/15 05:44:31",-25.958809,32.575672,0,227
"2025/09/15 05:44:51",-25.958809,32.575672,0,227
"2025/09/15 05:45:11",-25.958809,32.575672,0,227
"2025/09/15 05:45:31",-25.958809,32.575672,0,227
"2025/09/15 05:45:51",-25.958809,32.575672,0,227
"2025/09/15 05:46:11",-25.958809,32.575672,0,227
"2025/09/15 05:46:31",-25.958809,32.575672,0,227
"2025/09/15 05:46:51",-25.958809,32.575672,0,227
"2025/09/15 05:47:11",-25.958809,32.575672,0,227
"2025/09/15 05:47:31",-25.958809,32.575672,0,227
"2025/09/15 05:47:51",-25.958809,32.575672,0,227
"2025/09/15 05:48:11",-25.958809,32.575672,0,227
"2025/09/15 05:48:31",-25.958809,32.575672,0,227
"2025/09/15 05:48:51",-25.958809,32.575672,0,227
"2025/09/15 05:49:11",-25.958809,32.575672,0,227
"2025/09/15 05:49:15",-25.958809,32.575672,0,227
"2025/09/15 05:59:15",-25.958809,32.575672,0,227
"2025/09/15 06:09:15",-25.958809,32.575672,0,227
"2025/09/15 06:19:15",-25.958809,32.575672,0,227
"2025/09/15 06:29:15",-25.958809,32.575672,0,227
"2025/09/15 06:39:15",-25.958809,32.575672,0,227
"2025/09/15 06:49:15",-25.958809,32.575672,0,227
"2025/09/15 06:59:15",-25.958809,32.575672,0,227
"2025/09/15 07:09:15",-25.958809,32.575672,0,227
"2025/09/15 07:19:15",-25.958809,32.575672,0,227
"2025/09/15 07:29:15",-25.958809,32.575672,0,227
"2025/09/15 07:39:15",-25.958809,32.575672,0,227
"2025/09/15 07:49:15",-25.958809,32.575672,0,227
"2025/09/15 07:59:15",-25.958809,32.575672,0,227
"2025/09/15 08:09:15",-25.958809,32.575672,0,227
"2025/09/15 08:19:15",-25.958809,32.575672,0,227
"2025/09/15 08:29:15",-25.958809,32.575672,0,227
"2025/09/15 08:39:15",-25.958809,32.575672,0,227
"2025/09/15 08:49:15",-25.958809,32.575672,0,227
"2025/09/15 08:59:15",-25.958809,32.575672,0,227
"2025/09/15 09:09:15",-25.958809,32.575672,0,227
"2025/09/15 09:19:15",-25.958809,32.575672,0,227
"2025/09/15 09:29:15",-25.958809,32.575672,0,227
"2025/09/15 09:39:15",-25.958809,32.575672,0,227
"2025/09/15 09:46:50",-25.958809,32.575672,0,227
"2025/09/15 09:47:10",-25.958809,32.575672,0,227
"2025/09/15 09:47:30",-25.958809,32.575672,0,227
"2025/09/15 09:47:50",-25.958809,32.575672,0,227
"2025/09/15 09:48:10",-25.958809,32.575672,0,227
"2025/09/15 09:48:30",-25.958809,32.575672,0,227
"2025/09/15 09:48:50",-25.958809,32.575672,0,227
"2025/09/15 09:49:10",-25.958809,32.575672,0,227
"2025/09/15 09:49:30",-25.958809,32.575672,0,227
"2025/09/15 09:49:50",-25.958809,32.575672,0,227
"2025/09/15 09:50:10",-25.958809,32.575672,0,227
"2025/09/15 09:50:30",-25.958809,32.575672,0,227
"2025/09/15 09:50:50",-25.958809,32.575672,0,227
"2025/09/15 09:51:10",-25.958809,32.575672,0,227
"2025/09/15 09:51:30",-25.958809,32.575672,0,227
"2025/09/15 09:51:50",-25.958809,32.575672,0,227
"2025/09/15 09:52:10",-25.958809,32.575672,0,227
"2025/09/15 09:52:20",-25.958809,32.575672,0,227
"2025/09/15 10:02:20",-25.958809,32.575672,0,227
"2025/09/15 10:12:20",-25.958809,32.575672,0,227
"2025/09/15 10:22:20",-25.958809,32.575672,0,227
"2025/09/15 10:23:52",-25.958809,32.575672,0,227
"2025/09/15 10:24:12",-25.958809,32.575672,0,227
"2025/09/15 10:24:32",-25.958809,32.575672,0,227
"2025/09/15 10:24:52",-25.958809,32.575672,0,227
"2025/09/15 10:25:12",-25.958809,32.575672,0,227
"2025/09/15 10:25:32",-25.958809,32.575672,0,227
"2025/09/15 10:25:52",-25.958809,32.575672,0,227
"2025/09/15 10:26:12",-25.958809,32.575672,0,227
"2025/09/15 10:26:32",-25.958809,32.575672,0,227
"2025/09/15 10:26:52",-25.958809,32.575672,0,227
"2025/09/15 10:27:12",-25.958809,32.575672,0,227
"2025/09/15 10:27:32",-25.958809,32.575672,0,227
"2025/09/15 10:27:52",-25.958809,32.575672,0,227
"2025/09/15 10:28:12",-25.958809,32.575672,0,227
"2025/09/15 10:28:32",-25.958809,32.575672,0,227
"2025/09/15 10:28:52",-25.958809,32.575672,0,227
"2025/09/15 10:29:12",-25.958809,32.575672,0,227
"2025/09/15 10:29:32",-25.958809,32.575672,0,227
"2025/09/15 10:29:52",-25.958809,32.575672,0,227
"2025/09/15 10:30:12",-25.958809,32.575672,0,227
"2025/09/15 10:30:32",-25.958809,32.575672,0,227
"2025/09/15 10:30:38",-25.958809,32.575672,0,227
"2025/09/15 10:39:39",-25.958809,32.575672,0,227
"2025/09/15 10:39:39",-25.958809,32.575672,0,227
"2025/09/15 10:39:59",-25.958809,32.575672,0,227
"2025/09/15 10:40:19",-25.958809,32.575672,0,227
"2025/09/15 10:40:39",-25.958809,32.575672,0,227
"2025/09/15 10:40:59",-25.958809,32.575672,0,227
"2025/09/15 10:41:19",-25.958809,32.575672,0,227
"2025/09/15 10:41:39",-25.958809,32.575672,0,227
"2025/09/15 10:41:59",-25.958809,32.575672,0,227
"2025/09/15 10:42:19",-25.958809,32.575672,0,227
"2025/09/15 10:42:39",-25.958809,32.575672,0,227
"2025/09/15 10:42:59",-25.958809,32.575672,0,227
"2025/09/15 10:42:59",-25.958809,32.575672,0,227
"2025/09/15 10:43:19",-25.958809,32.575672,0,227
"2025/09/15 10:43:39",-25.958809,32.575672,0,227
"2025/09/15 10:43:59",-25.958809,32.575672,0,227
"2025/09/15 10:44:19",-25.958809,32.575672,0,227
"2025/09/15 10:44:39",-25.958809,32.575672,0,227
"2025/09/15 10:44:57",-25.958809,32.575672,0,227
"2025/09/15 10:50:01",-25.958809,32.575672,0,227
"2025/09/15 10:50:21",-25.958809,32.575672,0,227
"2025/09/15 10:50:41",-25.958809,32.575672,0,227
"2025/09/15 10:51:01",-25.958809,32.575672,0,227
"2025/09/15 10:51:21",-25.958809,32.575672,0,227
"2025/09/15 10:51:41",-25.958809,32.575672,0,227
"2025/09/15 10:52:01",-25.958809,32.575672,0,227
"2025/09/15 10:52:21",-25.958809,32.575672,0,227
"2025/09/15 10:52:41",-25.958809,32.575672,0,227
"2025/09/15 10:53:01",-25.958809,32.575672,0,227
"2025/09/15 10:53:21",-25.958809,32.575672,0,227
"2025/09/15 10:53:41",-25.958809,32.575672,0,227
"2025/09/15 10:54:01",-25.958809,32.575672,0,227
"2025/09/15 10:54:21",-25.958809,32.575672,0,227
"2025/09/15 10:54:41",-25.958809,32.575672,0,227
"2025/09/15 10:55:01",-25.958809,32.575672,0,227
"2025/09/15 10:55:21",-25.958809,32.575672,0,227
"2025/09/15 10:55:41",-25.958809,32.575672,0,227
"2025/09/15 10:56:01",-25.958809,32.575672,0,227
"2025/09/15 10:56:21",-25.958809,32.575672,0,227
"2025/09/15 10:56:41",-25.958809,32.575672,0,227
"2025/09/15 10:56:43",-25.958809,32.575672,0,227
"2025/09/15 11:06:43",-25.958809,32.575672,0,227
"2025/09/15 11:16:43",-25.958809,32.575672,0,227
"2025/09/15 11:26:43",-25.958809,32.575672,0,227
"2025/09/15 11:36:43",-25.958809,32.575672,0,227
"2025/09/15 11:46:43",-25.958809,32.575672,0,227
"2025/09/15 11:56:43",-25.958809,32.575672,0,227
"2025/09/15 12:06:43",-25.958809,32.575672,0,227
"2025/09/15 12:14:36",-25.958809,32.575672,0,227
"2025/09/15 12:14:56",-25.958809,32.575672,0,227
"2025/09/15 12:15:16",-25.958809,32.575672,0,227
"2025/09/15 12:15:36",-25.958809,32.575672,0,227
"2025/09/15 12:15:56",-25.958809,32.575672,0,227
"2025/09/15 12:16:16",-25.958809,32.575672,0,227
"2025/09/15 12:16:36",-25.958809,32.575672,0,227
"2025/09/15 12:16:56",-25.958809,32.575672,0,227
"2025/09/15 12:17:16",-25.958809,32.575672,0,227
"2025/09/15 12:17:36",-25.958809,32.575672,0,227
"2025/09/15 12:17:56",-25.958809,32.575672,0,227
"2025/09/15 12:18:16",-25.958809,32.575672,0,227
"2025/09/15 12:18:36",-25.958809,32.575672,0,227
"2025/09/15 12:18:56",-25.958809,32.575672,0,227
"2025/09/15 12:19:16",-25.958809,32.575672,0,227
"2025/09/15 12:19:36",-25.958809,32.575672,0,227
"2025/09/15 12:19:56",-25.958809,32.575672,0,227
"2025/09/15 12:20:16",-25.958809,32.575672,0,227
"2025/09/15 12:20:36",-25.958809,32.575672,0,227
"2025/09/15 12:20:56",-25.958809,32.575672,0,227
"2025/09/15 12:21:16",-25.958809,32.575672,0,227
"2025/09/15 12:21:36",-25.958809,32.575672,0,227
"2025/09/15 12:21:56",-25.958809,32.575672,0,227
"2025/09/15 12:22:16",-25.958809,32.575672,0,227
"2025/09/15 12:22:36",-25.958809,32.575672,0,227
"2025/09/15 12:22:56",-25.958809,32.575672,0,227
"2025/09/15 12:23:16",-25.958809,32.575672,0,227
"2025/09/15 12:23:36",-25.958809,32.575672,0,227
"2025/09/15 12:23:56",-25.958809,32.575672,0,227
"2025/09/15 12:24:16",-25.958809,32.575672,0,227
"2025/09/15 12:24:36",-25.958809,32.575672,0,227
"2025/09/15 12:24:56",-25.958809,32.575672,0,227
"2025/09/15 12:25:16",-25.958809,32.575672,0,227
"2025/09/15 12:25:35",-25.958809,32.575672,0,227
"2025/09/15 12:35:35",-25.958809,32.575672,0,227
"2025/09/15 12:45:35",-25.958809,32.575672,0,227
"2025/09/15 12:55:35",-25.958809,32.575672,0,227
"2025/09/15 13:05:35",-25.958809,32.575672,0,227
"2025/09/15 13:15:35",-25.958809,32.575672,0,227
"2025/09/15 13:25:35",-25.958809,32.575672,0,227
"2025/09/15 13:35:35",-25.958809,32.575672,0,227
"2025/09/15 13:45:35",-25.958809,32.575672,0,227
"2025/09/15 13:55:35",-25.958809,32.575672,0,227
"2025/09/15 14:05:35",-25.958809,32.575672,0,227
"2025/09/15 14:15:35",-25.958809,32.575672,0,227
"2025/09/15 14:17:27",-25.958809,32.575672,0,227
"2025/09/15 14:17:47",-25.958809,32.575672,0,227
"2025/09/15 14:18:07",-25.958809,32.575672,0,227
"2025/09/15 14:18:27",-25.958809,32.575672,0,227
"2025/09/15 14:18:47",-25.958809,32.575672,0,227
"2025/09/15 14:19:07",-25.958809,32.575672,0,227
"2025/09/15 14:19:27",-25.958809,32.575672,0,227
"2025/09/15 14:19:47",-25.958809,32.575672,0,227
"2025/09/15 14:20:07",-25.958809,32.575672,0,227
"2025/09/15 14:20:27",-25.958809,32.575672,0,227
"2025/09/15 14:20:47",-25.958809,32.575672,0,227
"2025/09/15 14:21:07",-25.958809,32.575672,0,227
"2025/09/15 14:21:27",-25.958809,32.575672,0,227
"2025/09/15 14:21:47",-25.958809,32.575672,0,227
"2025/09/15 14:22:07",-25.958809,32.575672,0,227
"2025/09/15 14:22:27",-25.958809,32.575672,0,227
"2025/09/15 14:22:31",-25.958809,32.575672,0,227
"2025/09/15 14:32:31",-25.958809,32.575672,0,227
"2025/09/15 14:34:29",-25.958809,32.575672,0,227
"2025/09/15 14:34:49",-25.958809,32.575672,0,227
"2025/09/15 14:35:09",-25.958809,32.575672,0,227
"2025/09/15 14:35:29",-25.958735,32.57574,0,11
"2025/09/15 14:35:43",-25.958742,32.575756,8,149
"2025/09/15 14:35:48",-25.958815,32.575867,8,126
"2025/09/15 14:36:08",-25.95881,32.57595,0,106
"2025/09/15 14:36:28",-25.958723,32.575893,3,23
"2025/09/15 14:36:39",-25.958334,32.57606,7,56
"2025/09/15 14:36:43",-25.958302,32.57613,6,100
"2025/09/15 14:36:49",-25.958294,32.576267,7,70
"2025/09/15 14:36:53",-25.95825,32.576332,6,40
"2025/09/15 14:37:13",-25.958183,32.576366,0,12
"2025/09/15 14:37:33",-25.958273,32.576294,0,187
"2025/09/15 14:37:53",-25.958366,32.57629,0,138
"2025/09/15 14:38:13",-25.958366,32.57629,0,138
"2025/09/15 14:38:33",-25.958366,32.57629,0,138
"2025/09/15 14:38:53",-25.958366,32.57629,0,138
"2025/09/15 14:39:13",-25.958366,32.57629,0,138
"2025/09/15 14:39:33",-25.958366,32.57629,0,138
"2025/09/15 14:39:53",-25.958366,32.57629,0,138
"2025/09/15 14:40:13",-25.958366,32.57629,0,138
"2025/09/15 14:40:33",-25.958366,32.57629,0,138
"2025/09/15 14:40:53",-25.958366,32.57629,0,138
"2025/09/15 14:41:13",-25.958366,32.57629,0,138
"2025/09/15 14:41:33",-25.958366,32.57629,0,138
"2025/09/15 14:41:53",-25.958366,32.57629,0,138
"2025/09/15 14:41:58",-25.958366,32.57629,0,138
"2025/09/15 14:42:18",-25.958366,32.57629,0,138
"2025/09/15 14:42:38",-25.958366,32.57629,0,138
"2025/09/15 14:42:58",-25.958366,32.57629,0,138
"2025/09/15 14:43:18",-25.958366,32.57629,0,138
"2025/09/15 14:43:23",-25.958366,32.57629,0,138
"2025/09/15 14:53:23",-25.958366,32.57629,0,138
"2025/09/15 15:03:23",-25.958366,32.57629,0,138
"2025/09/15 15:13:23",-25.958366,32.57629,0,138
"2025/09/15 15:23:23",-25.958366,32.57629,0,138
"2025/09/15 15:33:23",-25.958366,32.57629,0,138
"2025/09/15 15:40:45",-25.958366,32.57629,0,138
"2025/09/15 15:40:56",-25.958313,32.576286,8,333
"2025/09/15 15:40:59",-25.958265,32.576214,9,296
"2025/09/15 15:41:01",-25.958252,32.57615,14,287
"2025/09/15 15:41:04",-25.958284,32.57599,20,241
"2025/09/15 15:41:09",-25.958506,32.57583,13,208
"2025/09/15 15:41:11",-25.958578,32.575813,11,178
"2025/09/15 15:41:31",-25.958654,32.57583,0,151
"2025/09/15 15:41:51",-25.958654,32.57583,0,151
"2025/09/15 15:42:11",-25.95872,32.57589,0,121
"2025/09/15 15:42:31",-25.958723,32.57589,0,133
"2025/09/15 15:42:51",-25.958723,32.57589,0,133
"2025/09/15 15:43:11",-25.958723,32.57589,0,133
"2025/09/15 15:43:21",-25.958838,32.57595,10,165
"2025/09/15 15:43:41",-25.95889,32.57597,0,169
"2025/09/15 15:44:01",-25.958994,32.576027,0,153
"2025/09/15 15:44:21",-25.958994,32.576027,0,153
"2025/09/15 15:44:40",-25.958916,32.576187,11,22
"2025/09/15 15:45:00",-25.958235,32.576603,11,22
"2025/09/15 15:45:04",-25.958122,32.576614,11,344
"2025/09/15 15:45:06",-25.958073,32.576572,13,313
"2025/09/15 15:45:26",-25.957813,32.57601,0,304
"2025/09/15 15:45:37",-25.95774,32.575954,6,7
"2025/09/15 15:45:57",-25.957706,32.575954,0,330
"2025/09/15 15:46:07",-25.957767,32.576004,8,219
"2025/09/15 15:46:27",-25.958017,32.57581,5,216
"2025/09/15 15:46:41",-25.958122,32.57577,6,85
"2025/09/15 15:47:01",-25.958084,32.57585,0,348
"2025/09/15 15:47:21",-25.958084,32.57585,0,348
"2025/09/15 15:47:41",-25.958084,32.57585,0,348
"2025/09/15 15:48:01",-25.958084,32.57585,0,348
"2025/09/15 15:48:21",-25.958084,32.57585,0,348
"2025/09/15 15:48:41",-25.958084,32.57585,0,348
"2025/09/15 15:49:01",-25.958084,32.57585,0,348
"2025/09/15 15:49:21",-25.958084,32.57585,0,348
"2025/09/15 15:49:41",-25.958084,32.57585,0,348
"2025/09/15 15:50:01",-25.958084,32.57585,0,348
"2025/09/15 15:50:21",-25.958084,32.57585,0,348
"2025/09/15 15:50:41",-25.958084,32.57585,0,348
"2025/09/15 15:51:01",-25.958084,32.57585,0,348
"2025/09/15 15:51:21",-25.958084,32.57585,0,348
"2025/09/15 15:51:41",-25.958084,32.57585,0,348
"2025/09/15 15:51:43",-25.958084,32.57585,0,348
"2025/09/15 15:52:03",-25.958084,32.57585,0,348
"2025/09/15 15:52:22",-25.958084,32.57585,0,348
"2025/09/15 15:57:08",-25.958084,32.57585,0,348
"2025/09/15 15:57:08",-25.958084,32.57585,0,348
"2025/09/15 15:57:28",-25.958084,32.57585,0,348
"2025/09/15 15:57:48",-25.958084,32.57585,0,348
"2025/09/15 15:58:08",-25.958084,32.57585,5,16
"2025/09/15 15:58:13",-25.95796,32.575886,8,50
"2025/09/15 15:58:14",-25.957947,32.5759,7,57
"2025/09/15 15:58:19",-25.957846,32.575985,10,25
"2025/09/15 15:58:22",-25.957771,32.576004,9,351
"2025/09/15 15:58:42",-25.957697,32.57593,0,295
"2025/09/15 15:59:02",-25.957697,32.57593,0,295
"2025/09/15 15:59:22",-25.957644,32.57578,0,290
"2025/09/15 15:59:42",-25.957624,32.575665,0,297
"2025/09/15 16:00:02",-25.957617,32.575653,0,290
"2025/09/15 16:00:22",-25.957516,32.57546,0,288
"2025/09/15 16:00:38",-25.957489,32.575287,13,247
"2025/09/15 16:00:40",-25.957544,32.57522,18,209
"2025/09/15 16:01:00",-25.95863,32.574512,30,211
"2025/09/15 16:01:20",-25.959831,32.57365,20,211
"2025/09/15 16:01:40",-25.960535,32.57315,8,225
"2025/09/15 16:02:00",-25.960754,32.57299,0,210
"2025/09/15 16:02:20",-25.960754,32.57299,0,210
"2025/09/15 16:02:40",-25.960892,32.572895,11,211
"2025/09/15 16:03:00",-25.961018,32.572826,0,218
"2025/09/15 16:03:20",-25.961018,32.572826,0,218
"2025/09/15 16:03:40",-25.961018,32.572826,0,218
"2025/09/15 16:04:00",-25.961018,32.572826,0,218
"2025/09/15 16:04:20",-25.961273,32.572628,5,222
"2025/09/15 16:04:40",-25.961304,32.572605,0,222
"2025/09/15 16:05:00",-25.961304,32.572605,0,222
"2025/09/15 16:05:20",-25.961304,32.572605,0,222
"2025/09/15 16:05:40",-25.961304,32.572605,0,222
"2025/09/15 16:06:00",-25.96168,32.57237,0,206
"2025/09/15 16:06:20",-25.96168,32.57237,0,206
"2025/09/15 16:06:40",-25.96168,32.57237,0,206
"2025/09/15 16:07:00",-25.96168,32.57237,0,206
"2025/09/15 16:07:20",-25.962086,32.572083,22,213
"2025/09/15 16:07:40",-25.963188,32.5713,25,212
"2025/09/15 16:08:00",-25.963839,32.57084,0,210
"2025/09/15 16:08:20",-25.964024,32.570625,5,239
"2025/09/15 16:08:24",-25.964031,32.570526,6,281
"2025/09/15 16:08:44",-25.963898,32.5703,12,297
"2025/09/15 16:09:04",-25.96379,32.570057,0,294
"2025/09/15 16:09:24",-25.96379,32.570057,0,294
"2025/09/15 16:09:44",-25.96379,32.570057,0,294
"2025/09/15 16:10:04",-25.963614,32.56984,11,305
"2025/09/15 16:10:24",-25.96324,32.56914,0,308
"2025/09/15 16:10:44",-25.963238,32.569138,0,308
"2025/09/15 16:11:04",-25.963213,32.5691,6,299
"2025/09/15 16:11:24",-25.962755,32.5684,23,302
"2025/09/15 16:11:44",-25.96204,32.56723,28,305
"2025/09/15 16:11:59",-25.96156,32.566353,13,262
"2025/09/15 16:12:01",-25.96159,32.566288,11,226
"2025/09/15 16:12:21",-25.962473,32.565704,11,208
"2025/09/15 16:12:41",-25.96294,32.565384,0,216
"2025/09/15 16:13:01",-25.963606,32.564957,0,218
"2025/09/15 16:13:21",-25.96383,32.56478,11,214
"2025/09/15 16:13:41",-25.964327,32.564457,20,213
"2025/09/15 16:14:01",-25.965504,32.56366,18,208
"2025/09/15 16:14:05",-25.9656,32.563602,9,166
"2025/09/15 16:14:07",-25.96564,32.56364,12,129
"2025/09/15 16:14:27",-25.966263,32.56475,31,122
"2025/09/15 16:14:47",-25.96703,32.56605,15,139
"2025/09/15 16:14:49",-25.967093,32.56608,13,178
"2025/09/15 16:14:51",-25.96716,32.56605,13,216
"2025/09/15 16:15:11",-25.967985,32.565407,26,215
"2025/09/15 16:15:31",-25.968546,32.5651,0,205
"2025/09/15 16:15:51",-25.968546,32.5651,0,205
"2025/09/15 16:16:11",-25.968546,32.5651,0,205
"2025/09/15 16:16:31",-25.968945,32.56479,16,214
"2025/09/15 16:16:39",-25.969095,32.564594,6,250
"2025/09/15 16:16:43",-25.969091,32.5645,11,292
"2025/09/15 16:17:03",-25.968735,32.563953,0,309
"2025/09/15 16:17:23",-25.968664,32.56384,13,305
"2025/09/15 16:17:43",-25.967863,32.56246,37,303
"2025/09/15 16:18:03",-25.966831,32.560665,40,303
"2025/09/15 16:18:14",-25.966276,32.559864,17,334
"2025/09/15 16:18:31",-25.965796,32.55968,11,302
"2025/09/15 16:18:51",-25.964722,32.558666,39,327
"2025/09/15 16:19:11",-25.96285,32.557285,45,327
"2025/09/15 16:19:31",-25.960962,32.55595,41,326
"2025/09/15 16:19:51",-25.959057,32.554596,45,327
"2025/09/15 16:20:11",-25.957119,32.553524,43,328
"2025/09/15 16:20:31",-25.955482,32.551884,42,314
"2025/09/15 16:20:31",-25.955482,32.551884,42,314
"2025/09/15 16:20:42",-25.954786,32.55127,24,350
"2025/09/15 16:20:45",-25.954609,32.551334,25,34
"2025/09/15 16:20:47",-25.954556,32.551483,26,67
"2025/09/15 16:20:55",-25.954287,32.552,18,34
"2025/09/15 16:21:15",-25.954033,32.552174,5,30
"2025/09/15 16:21:24",-25.953873,32.55223,6,0
"2025/09/15 16:21:42",-25.953323,32.552055,16,327
"2025/09/15 16:21:47",-25.953203,32.551918,11,297
"2025/09/15 16:22:07",-25.952541,32.55052,39,311
"2025/09/15 16:22:27",-25.95103,32.54888,45,316
"2025/09/15 16:22:47",-25.949635,32.547367,40,316
"2025/09/15 16:23:07",-25.948103,32.545685,44,315
"2025/09/15 16:23:27",-25.947275,32.544712,0,322
"2025/09/15 16:23:47",-25.947273,32.544712,0,322
"2025/09/15 16:24:07",-25.946846,32.544334,25,315
"2025/09/15 16:24:27",-25.945494,32.54278,45,311
"2025/09/15 16:24:47",-25.94437,32.54112,20,306
"2025/09/15 16:25:07",-25.94426,32.54099,0,311
"2025/09/15 16:25:27",-25.943752,32.540447,13,309
"2025/09/15 16:25:47",-25.943644,32.540302,0,337
"2025/09/15 16:26:07",-25.943562,32.540257,6,330
"2025/09/15 16:26:27",-25.9428,32.539474,33,311
"2025/09/15 16:26:47",-25.941696,32.537422,44,298
"2025/09/15 16:27:07",-25.94069,32.535267,32,298
"2025/09/15 16:27:27",-25.939888,32.533585,27,298
"2025/09/15 16:27:47",-25.939438,32.532623,27,299
"2025/09/15 16:28:07",-25.938547,32.530712,43,298
"2025/09/15 16:28:27",-25.937408,32.528408,48,298
"2025/09/15 16:28:47",-25.936323,32.52614,43,298
"2025/09/15 16:29:07",-25.935226,32.523796,46,298
"2025/09/15 16:29:27",-25.93445,32.522114,11,301
"2025/09/15 16:29:47",-25.93402,32.52125,27,298
"2025/09/15 16:30:07",-25.933626,32.520412,16,296
"2025/09/15 16:30:27",-25.933254,32.519665,9,300
"2025/09/15 16:30:47",-25.932888,32.518986,17,298
"2025/09/15 16:31:07",-25.932562,32.518265,15,298
"2025/09/15 16:31:27",-25.931597,32.517067,38,316
"2025/09/15 16:31:47",-25.931017,32.516243,0,293
"2025/09/15 16:32:07",-25.930956,32.516106,0,310
"2025/09/15 16:32:27",-25.930925,32.516064,5,289
"2025/09/15 16:32:47",-25.930868,32.515884,6,298
"2025/09/15 16:33:07",-25.930819,32.51577,0,303
"2025/09/15 16:33:27",-25.93077,32.51568,0,279
"2025/09/15 16:33:47",-25.930603,32.515278,27,292
"2025/09/15 16:34:07",-25.930162,32.513206,48,277
"2025/09/15 16:34:27",-25.930557,32.510628,47,249
"2025/09/15 16:34:47",-25.931438,32.508213,45,248
"2025/09/15 16:35:07",-25.932339,32.505882,42,246
"2025/09/15 16:35:27",-25.93316,32.503784,22,241
"2025/09/15 16:35:47",-25.933249,32.50359,0,245
"2025/09/15 16:36:07",-25.933249,32.50359,0,245
"2025/09/15 16:36:27",-25.933249,32.50359,0,245
"2025/09/15 16:36:47",-25.933537,32.502674,28,248
"2025/09/15 16:37:07",-25.934301,32.50061,45,248
"2025/09/15 16:37:27",-25.935213,32.498177,48,247
"2025/09/15 16:37:47",-25.936125,32.49569,49,247
"2025/09/15 16:38:07",-25.937195,32.493298,47,238
"2025/09/15 16:38:27",-25.938467,32.49103,50,237
"2025/09/15 16:38:47",-25.939745,32.488766,44,237
"2025/09/15 16:39:07",-25.940971,32.486595,37,238
"2025/09/15 16:39:27",-25.941717,32.485332,37,236
"2025/09/15 16:39:47",-25.942148,32.484547,0,240
"2025/09/15 16:40:07",-25.942148,32.484547,0,240
"2025/09/15 16:40:27",-25.942492,32.483944,19,237
"2025/09/15 16:40:47",-25.943111,32.48275,32,239
"2025/09/15 16:41:07",-25.943888,32.481403,24,239
"2025/09/15 16:41:27",-25.944975,32.479507,45,237
"2025/09/15 16:41:47",-25.945742,32.478214,0,235
"2025/09/15 16:42:07",-25.945894,32.47788,24,239
"2025/09/15 16:42:27",-25.946848,32.47617,46,238
"2025/09/15 16:42:47",-25.948032,32.47393,46,245
"2025/09/15 16:43:07",-25.948809,32.472073,35,241
"2025/09/15 16:43:27",-25.949709,32.470104,18,247
"2025/09/15 16:43:47",-25.949993,32.46939,27,242
"2025/09/15 16:44:07",-25.950878,32.46736,45,244
"2025/09/15 16:44:27",-25.951876,32.46504,41,243
"2025/09/15 16:44:47",-25.95217,32.46441,0,260
"2025/09/15 16:45:07",-25.952616,32.463303,35,242
"2025/09/15 16:45:27",-25.953354,32.461704,14,247
"2025/09/15 16:45:47",-25.953388,32.461567,0,249
"2025/09/15 16:46:07",-25.953485,32.46132,5,245
"2025/09/15 16:46:27",-25.953495,32.46129,0,255
"2025/09/15 16:46:47",-25.953495,32.46129,0,255
"2025/09/15 16:47:07",-25.953617,32.46105,3,245
"2025/09/15 16:47:27",-25.953629,32.461025,0,240
"2025/09/15 16:47:47",-25.953745,32.46076,11,244
"2025/09/15 16:48:04",-25.95386,32.460285,8,277
"2025/09/15 16:48:10",-25.953796,32.460155,6,315
"2025/09/15 16:48:30",-25.95292,32.45968,19,331
"2025/09/15 16:48:50",-25.952435,32.459373,18,331
"2025/09/15 16:49:10",-25.951273,32.458683,21,324
"2025/09/15 16:49:30",-25.951118,32.458565,0,332
"2025/09/15 16:49:50",-25.949987,32.45795,41,331
"2025/09/15 16:50:10",-25.947996,32.456757,48,331
"2025/09/15 16:50:30",-25.94588,32.455467,48,331
"2025/09/15 16:50:50",-25.943773,32.454174,47,332
"2025/09/15 16:51:10",-25.942503,32.45338,0,330
"2025/09/15 16:51:30",-25.94203,32.453133,26,334
"2025/09/15 16:51:50",-25.94028,32.452065,47,329
"2025/09/15 16:52:10",-25.938257,32.450836,45,330
"2025/09/15 16:52:30",-25.937319,32.450253,8,343
"2025/09/15 16:52:50",-25.935987,32.449505,45,331
"2025/09/15 16:53:10",-25.933895,32.448254,45,330
"2025/09/15 16:53:30",-25.933062,32.44772,14,333
"2025/09/15 16:53:50",-25.93168,32.446907,45,332
"2025/09/15 16:54:10",-25.929602,32.445663,44,331
"2025/09/15 16:54:30",-25.928686,32.445084,0,314
"2025/09/15 16:54:50",-25.928131,32.444782,30,332
"2025/09/15 16:55:10",-25.92613,32.443596,44,331
"2025/09/15 16:55:30",-25.924492,32.44256,7,328
"2025/09/15 16:55:50",-25.924482,32.442554,0,328
"2025/09/15 16:56:10",-25.92366,32.4421,32,332
"2025/09/15 16:56:30",-25.921679,32.440952,45,331
"2025/09/15 16:56:50",-25.919708,32.43976,44,331
"2025/09/15 16:57:10",-25.91776,32.438576,38,330
"2025/09/15 16:57:30",-25.916704,32.437916,9,332
"2025/09/15 16:57:50",-25.916159,32.437607,14,331
"2025/09/15 16:58:10",-25.915512,32.43721,13,328
"2025/09/15 16:58:30",-25.915272,32.43703,0,331
"2025/09/15 16:58:50",-25.9146,32.43665,26,328
"2025/09/15 16:59:10",-25.9136,32.436024,12,327
"2025/09/15 16:59:30",-25.913021,32.435703,9,326
"2025/09/15 16:59:50",-25.912645,32.43549,4,340
"2025/09/15 17:00:10",-25.912409,32.43533,0,326
"2025/09/15 17:00:30",-25.912058,32.43511,0,356
"2025/09/15 17:00:50",-25.911741,32.434975,20,335
"2025/09/15 17:01:10",-25.910244,32.434204,44,346
"2025/09/15 17:01:30",-25.908627,32.43406,15,358
"2025/09/15 17:01:50",-25.908377,32.434044,8,0
"2025/09/15 17:02:10",-25.907635,32.43405,6,358
"2025/09/15 17:02:30",-25.90761,32.43405,0,358
"2025/09/15 17:02:50",-25.907228,32.43404,22,357
"2025/09/15 17:03:10",-25.906536,32.43402,0,359
"2025/09/15 17:03:30",-25.906517,32.43402,6,359
"2025/09/15 17:03:50",-25.905378,32.433983,34,359
"2025/09/15 17:04:10",-25.903168,32.433956,46,358
"2025/09/15 17:04:30",-25.900818,32.4339,46,358
"2025/09/15 17:04:50",-25.898626,32.4338,32,357
"2025/09/15 17:05:10",-25.89814,32.43376,12,7
"2025/09/15 17:05:30",-25.896656,32.433754,43,358
"2025/09/15 17:05:50",-25.894773,32.4337,35,359
"2025/09/15 17:06:10",-25.893372,32.433643,19,2
"2025/09/15 17:06:30",-25.892162,32.433617,17,359
"2025/09/15 17:06:50",-25.891542,32.433598,7,358
"2025/09/15 17:07:10",-25.891363,32.433586,14,358
"2025/09/15 17:07:30",-25.890177,32.433563,24,359
"2025/09/15 17:07:50",-25.889303,32.43351,10,359
"2025/09/15 17:08:10",-25.889202,32.43351,0,0
"2025/09/15 17:08:30",-25.889202,32.43351,3,0
"2025/09/15 17:08:50",-25.888453,32.43349,11,0
"2025/09/15 17:09:10",-25.887869,32.43348,11,358
"2025/09/15 17:09:30",-25.887426,32.433414,7,341
"2025/09/15 17:09:50",-25.88736,32.433414,0,352
"2025/09/15 17:10:10",-25.88736,32.433414,0,352
"2025/09/15 17:10:30",-25.887007,32.433456,25,358
"2025/09/15 17:10:50",-25.88513,32.43339,48,358
"2025/09/15 17:11:10",-25.882769,32.433327,49,358
"2025/09/15 17:11:30",-25.88046,32.433224,40,358
"2025/09/15 17:11:50",-25.879341,32.433167,0,15
"2025/09/15 17:12:10",-25.879274,32.433186,10,8
"2025/09/15 17:12:30",-25.877567,32.433193,48,0
"2025/09/15 17:12:50",-25.875162,32.433113,47,358
"2025/09/15 17:13:10",-25.872805,32.433037,46,358
"2025/09/15 17:13:30",-25.870455,32.43293,46,353
"2025/09/15 17:13:50",-25.86817,32.43241,44,342
"2025/09/15 17:14:00",-25.86725,32.432205,22,32
"2025/09/15 17:14:20",-25.867113,32.43245,4,61
"2025/09/15 17:14:24",-25.867031,32.432533,14,16
"2025/09/15 17:14:27",-25.866905,32.43252,19,338
"2025/09/15 17:14:47",-25.865393,32.4317,47,331
"2025/09/15 17:15:07",-25.863394,32.430508,29,331
"2025/09/15 17:15:27",-25.862736,32.430103,0,330
"2025/09/15 17:15:47",-25.862104,32.42975,23,332
"2025/09/15 17:16:07",-25.860456,32.42876,48,331
"2025/09/15 17:16:27",-25.858349,32.427505,47,331
"2025/09/15 17:16:47",-25.856228,32.426243,47,331
"2025/09/15 17:17:07",-25.854185,32.42501,41,331
"2025/09/15 17:17:27",-25.853695,32.424713,12,329
"2025/09/15 17:17:47",-25.852879,32.424248,10,331
"2025/09/15 17:18:07",-25.852823,32.42421,7,329
"2025/09/15 17:18:27",-25.851667,32.423477,41,331
"2025/09/15 17:18:47",-25.850147,32.422577,18,331
"2025/09/15 17:19:07",-25.849209,32.42204,0,330
"2025/09/15 17:19:27",-25.849207,32.42204,0,330
"2025/09/15 17:19:47",-25.848768,32.42177,26,331
"2025/09/15 17:20:07",-25.847029,32.420734,27,339
"2025/09/15 17:20:09",-25.846907,32.42073,20,10
"2025/09/15 17:20:11",-25.846827,32.420807,19,50
"2025/09/15 17:20:31",-25.846476,32.421543,22,61
"2025/09/15 17:20:51",-25.845554,32.423374,46,62
"2025/09/15 17:21:01",-25.845135,32.4242,14,21
"2025/09/15 17:21:04",-25.845064,32.424206,10,348
"2025/09/15 17:21:20",-25.844995,32.424156,8,318
"2025/09/15 17:21:23",-25.844954,32.424046,13,281
"2025/09/15 17:21:26",-25.844967,32.423893,18,247
"2025/09/15 17:21:30",-25.84508,32.423756,15,216
"2025/09/15 17:21:46",-25.845455,32.423367,11,175
"2025/09/15 17:22:06",-25.84557,32.42339,0,173
"2025/09/15 17:22:26",-25.84557,32.42339,0,173
"2025/09/15 17:22:38",-25.845627,32.42337,8,205
"2025/09/15 17:22:40",-25.845673,32.42333,13,239
"2025/09/15 17:23:00",-25.846397,32.421795,42,242
"2025/09/15 17:23:20",-25.846905,32.420834,0,229
"2025/09/15 17:23:34",-25.847015,32.420753,12,177
"2025/09/15 17:23:44",-25.847483,32.421043,29,146
"2025/09/15 17:24:04",-25.849138,32.42209,16,149
"2025/09/15 17:24:24",-25.849207,32.42212,0,156
"2025/09/15 17:24:39",-25.849398,32.42226,7,125
"2025/09/15 17:24:42",-25.849443,32.422295,6,170
"2025/09/15 17:25:02",-25.849474,32.422295,0,195
"2025/09/15 17:25:22",-25.849474,32.422295,0,195
"2025/09/15 17:25:27",-25.849506,32.422337,7,123
"2025/09/15 17:25:30",-25.849558,32.422386,11,157
"2025/09/15 17:25:50",-25.850344,32.42278,19,152
"2025/09/15 17:26:10",-25.85187,32.42367,49,151
"2025/09/15 17:26:30",-25.853369,32.424583,7,152
"2025/09/15 17:26:37",-25.853548,32.424633,13,195
"2025/09/15 17:26:40",-25.853657,32.424553,16,227
"2025/09/15 17:26:45",-25.853832,32.424404,15,177
"2025/09/15 17:26:48",-25.853928,32.424446,8,139
"2025/09/15 17:27:08",-25.854134,32.42458,10,151
"2025/09/15 17:27:28",-25.855433,32.425316,45,151
"2025/09/15 17:27:48",-25.857504,32.426575,49,151
"2025/09/15 17:28:08",-25.859657,32.427807,50,151
"2025/09/15 17:28:28",-25.861723,32.429127,48,150
"2025/09/15 17:28:48",-25.863121,32.429943,10,152
"2025/09/15 17:29:08",-25.863167,32.429966,5,161
"2025/09/15 17:29:28",-25.86443,32.430676,46,152
"2025/09/15 17:29:48",-25.866545,32.431896,46,154
"2025/09/15 17:30:08",-25.868855,32.432728,48,167
"2025/09/15 17:30:28",-25.871262,32.433098,47,176
"2025/09/15 17:30:48",-25.873648,32.433197,49,179
"2025/09/15 17:31:08",-25.876034,32.433266,47,178
"2025/09/15 17:31:28",-25.878382,32.433346,46,178
"2025/09/15 17:31:48",-25.879993,32.433434,6,186
"2025/09/15 17:32:08",-25.880436,32.43344,26,179
"2025/09/15 17:32:28",-25.881737,32.433464,4,177
"2025/09/15 17:32:48",-25.882591,32.43348,28,178
"2025/09/15 17:33:08",-25.884506,32.433525,39,179
"2025/09/15 17:33:28",-25.886637,32.43363,40,179
"2025/09/15 17:33:48",-25.887655,32.433662,9,177
"2025/09/15 17:34:08",-25.887764,32.43367,0,179
"2025/09/15 17:34:28",-25.887764,32.43367,0,179
"2025/09/15 17:34:48",-25.887764,32.43367,0,179
"2025/09/15 17:35:08",-25.88846,32.4337,24,179
"2025/09/15 17:35:28",-25.889603,32.433723,15,181
"2025/09/15 17:35:48",-25.889803,32.43375,0,193
"2025/09/15 17:36:08",-25.889803,32.43375,0,193
"2025/09/15 17:36:28",-25.889803,32.43375,0,193
"2025/09/15 17:36:48",-25.890701,32.433743,33,180
"2025/09/15 17:37:08",-25.892769,32.433792,40,176
"2025/09/15 17:37:28",-25.893986,32.43388,0,181
"2025/09/15 17:37:48",-25.894947,32.43388,35,179
"2025/09/15 17:38:08",-25.896746,32.433876,39,178
"2025/09/15 17:38:28",-25.898796,32.434017,24,180
"2025/09/15 17:38:48",-25.899357,32.434013,24,180
"2025/09/15 17:39:08",-25.901327,32.434044,46,179
"2025/09/15 17:39:28",-25.903715,32.434105,50,178
"2025/09/15 17:39:48",-25.906069,32.4342,46,179
"2025/09/15 17:40:08",-25.90822,32.434296,32,178
"2025/09/15 17:40:28",-25.908743,32.434296,0,183
"2025/09/15 17:40:48",-25.910378,32.434425,47,160
"2025/09/15 17:41:08",-25.911898,32.43531,0,155
"2025/09/15 17:41:28",-25.911947,32.435345,7,153
"2025/09/15 17:41:48",-25.912365,32.435566,27,152
"2025/09/15 17:42:08",-25.914265,32.436695,45,151
"2025/09/15 17:42:28",-25.915367,32.437397,0,161
"2025/09/15 17:42:48",-25.91639,32.437977,44,152
"2025/09/15 17:43:08",-25.918427,32.439175,48,152
"2025/09/15 17:43:28",-25.920027,32.440216,10,155
"2025/09/15 17:43:48",-25.920343,32.44037,27,150
"2025/09/15 17:44:08",-25.921421,32.44103,0,165
"2025/09/15 17:44:28",-25.922497,32.44166,46,151
"2025/09/15 17:44:48",-25.924603,32.442924,46,151
"2025/09/15 17:45:08",-25.926664,32.44415,46,150
"2025/09/15 17:45:28",-25.928507,32.44522,31,150
"2025/09/15 17:45:48",-25.928793,32.445435,0,155
"2025/09/15 17:46:08",-25.929348,32.445736,24,151
"2025/09/15 17:46:28",-25.931004,32.446728,44,152
"2025/09/15 17:46:48",-25.932919,32.447903,33,150
"2025/09/15 17:47:08",-25.93338,32.448223,0,148
"2025/09/15 17:47:28",-25.934204,32.44868,34,151
"2025/09/15 17:47:48",-25.93614,32.449806,42,151
"2025/09/15 17:48:08",-25.937414,32.450615,11,158
"2025/09/15 17:48:28",-25.937487,32.450634,8,160
"2025/09/15 17:48:48",-25.938713,32.45136,49,151
"2025/09/15 17:49:08",-25.940712,32.452538,34,152
"2025/09/15 17:49:28",-25.942314,32.453503,29,153
"2025/09/15 17:49:48",-25.942802,32.45384,0,145
"2025/09/15 17:49:48",-25.942802,32.45384,0,145
"2025/09/15 17:50:08",-25.943878,32.454468,33,152
"2025/09/15 17:50:28",-25.945366,32.455368,38,151
"2025/09/15 17:50:48",-25.947002,32.45633,35,153
"2025/09/15 17:51:08",-25.948538,32.457264,33,151
"2025/09/15 17:51:28",-25.949356,32.45775,0,154
"2025/09/15 17:51:48",-25.949686,32.45795,16,151
"2025/09/15 17:52:08",-25.950865,32.458664,33,150
"2025/09/15 17:52:28",-25.951984,32.459343,27,151
"2025/09/15 17:52:48",-25.952667,32.459805,0,153
"2025/09/15 17:53:08",-25.952877,32.459923,14,150
"2025/09/15 17:53:21",-25.953424,32.460392,27,119
"2025/09/15 17:53:26",-25.953508,32.46077,31,86
"2025/09/15 17:53:46",-25.952736,32.462696,41,65
"2025/09/15 17:54:06",-25.951794,32.46482,43,63
"2025/09/15 17:54:26",-25.951002,32.466667,26,64
"2025/09/15 17:54:46",-25.950787,32.467125,0,80
"2025/09/15 17:55:06",-25.950449,32.467964,33,64
"2025/09/15 17:55:26",-25.949574,32.470024,43,65
"2025/09/15 17:55:46",-25.948866,32.47161,12,64
"2025/09/15 17:55:57",-25.94872,32.471905,9,34
"2025/09/15 17:55:59",-25.94869,32.471935,7,67
"2025/09/15 17:56:19",-25.948683,32.47198,0,79
"2025/09/15 17:56:39",-25.948662,32.472023,8,64
"2025/09/15 17:56:59",-25.948206,32.473133,35,64
"2025/09/15 17:57:19",-25.947351,32.475063,40,60
"2025/09/15 17:57:39",-25.946255,32.476944,41,58
"2025/09/15 17:57:59",-25.945194,32.478813,40,58
"2025/09/15 17:58:19",-25.944317,32.48036,17,49
"2025/09/15 17:58:39",-25.94423,32.480488,0,72
"2025/09/15 17:58:59",-25.943756,32.481384,27,63
"2025/09/15 17:59:19",-25.943079,32.482555,32,57
"2025/09/15 17:59:39",-25.94263,32.483334,0,57
"2025/09/15 17:59:59",-25.94263,32.483334,0,57
"2025/09/15 18:00:19",-25.942106,32.484283,31,58
"2025/09/15 18:00:39",-25.941158,32.485954,25,58
"2025/09/15 18:00:59",-25.94024,32.487617,47,57
"2025/09/15 18:01:19",-25.938993,32.489803,46,58
"2025/09/15 18:01:39",-25.937778,32.491943,45,58
"2025/09/15 18:01:59",-25.936592,32.49417,46,62
"2025/09/15 18:02:19",-25.935667,32.496525,46,68
"2025/09/15 18:02:39",-25.934748,32.498947,46,67
"2025/09/15 18:02:59",-25.93385,32.501354,44,67
"2025/09/15 18:03:19",-25.933207,32.50317,15,64
"2025/09/15 18:03:39",-25.933008,32.503647,7,45
"2025/09/15 18:03:59",-25.932966,32.50372,0,64
"2025/09/15 18:04:19",-25.932966,32.50372,0,64
"2025/09/15 18:04:39",-25.932966,32.50372,0,64
"2025/09/15 18:04:59",-25.932966,32.50372,0,64
"2025/09/15 18:05:19",-25.932833,32.504135,22,67
"2025/09/15 18:05:39",-25.932238,32.505806,39,65
"2025/09/15 18:05:59",-25.931553,32.50773,40,69
"2025/09/15 18:06:19",-25.930706,32.509995,44,67
"2025/09/15 18:06:39",-25.930185,32.51158,26,73
"2025/09/15 18:06:59",-25.93002,32.513916,46,97
"2025/09/15 18:06:59",-25.93002,32.513916,46,97
"2025/09/15 18:07:19",-25.930471,32.51576,14,120
"2025/09/15 18:07:39",-25.93054,32.51597,17,117
"2025/09/15 18:07:59",-25.93172,32.517384,44,136
"2025/09/15 18:08:19",-25.933018,32.519493,46,117
"2025/09/15 18:08:39",-25.934113,32.521828,47,118
"2025/09/15 18:08:59",-25.935078,32.523865,27,117
"2025/09/15 18:09:19",-25.936014,32.525806,46,118
"2025/09/15 18:09:39",-25.93712,32.52807,44,117
"2025/09/15 18:09:59",-25.938154,32.53025,43,118
"2025/09/15 18:10:19",-25.939125,32.532337,40,118
"2025/09/15 18:10:39",-25.939634,32.533344,0,131
"2025/09/15 18:10:59",-25.940102,32.534393,36,118
"2025/09/15 18:11:19",-25.941107,32.53647,43,117
"2025/09/15 18:11:39",-25.942112,32.538704,42,112
"2025/09/15 18:11:59",-25.942879,32.540672,32,122
"2025/09/15 18:12:19",-25.943645,32.541645,18,149
"2025/09/15 18:12:39",-25.944267,32.542103,0,158
"2025/09/15 18:12:59",-25.944609,32.542305,22,146
"2025/09/15 18:13:19",-25.945776,32.543457,38,137
"2025/09/15 18:13:39",-25.94722,32.544952,35,137
"2025/09/15 18:13:59",-25.94788,32.545666,0,145
"2025/09/15 18:14:19",-25.948671,32.54655,39,138
"2025/09/15 18:14:39",-25.950274,32.54825,45,135
"2025/09/15 18:14:59",-25.95191,32.550014,46,135
"2025/09/15 18:15:18",-25.953098,32.551956,39,105
"2025/09/15 18:15:22",-25.95306,32.552357,36,70
"2025/09/15 18:15:29",-25.95293,32.552967,33,101
"2025/09/15 18:15:33",-25.953112,32.553272,33,137
"2025/09/15 18:15:37",-25.953407,32.55343,30,169
"2025/09/15 18:15:43",-25.953829,32.55352,27,135
"2025/09/15 18:16:03",-25.95491,32.55536,41,124
"2025/09/15 18:16:23",-25.955795,32.556908,19,120
"2025/09/15 18:16:43",-25.955933,32.55713,9,126
"2025/09/15 18:17:03",-25.956446,32.557976,25,121
"2025/09/15 18:17:23",-25.956882,32.5588,8,127
"2025/09/15 18:17:43",-25.957,32.559002,11,124
"2025/09/15 18:18:03",-25.957697,32.560047,31,125
"2025/09/15 18:18:23",-25.957945,32.56048,0,120
"2025/09/15 18:18:43",-25.958427,32.5613,26,123
"2025/09/15 18:19:03",-25.959389,32.56291,31,122
"2025/09/15 18:19:23",-25.960255,32.564415,20,116
"2025/09/15 18:19:43",-25.960411,32.56471,5,135
"2025/09/15 18:20:03",-25.961092,32.56584,23,126
"2025/09/15 18:20:23",-25.962057,32.56749,34,121
"2025/09/15 18:20:43",-25.962572,32.568344,0,115
"2025/09/15 18:21:03",-25.962927,32.568924,23,126
"2025/09/15 18:21:23",-25.963253,32.569454,0,117
"2025/09/15 18:21:43",-25.963327,32.56961,4,118
"2025/09/15 18:22:03",-25.96334,32.56963,0,136
"2025/09/15 18:22:23",-25.963425,32.569725,5,108
"2025/09/15 18:22:43",-25.963623,32.57012,4,120
"2025/09/15 18:23:03",-25.963694,32.570206,0,129
"2025/09/15 18:23:23",-25.963694,32.570206,0,129
"2025/09/15 18:23:43",-25.963694,32.570206,0,129
"2025/09/15 18:24:03",-25.964008,32.570705,10,112
"2025/09/15 18:24:08",-25.964062,32.570812,8,159
"2025/09/15 18:24:10",-25.964096,32.57081,6,203
"2025/09/15 18:24:30",-25.964933,32.570152,29,212
"2025/09/15 18:24:50",-25.965385,32.569813,17,220
"2025/09/15 18:25:10",-25.966648,32.568905,10,245
"2025/09/15 18:25:12",-25.966646,32.56885,8,282
"2025/09/15 18:25:16",-25.966595,32.568768,10,321
"2025/09/15 18:25:36",-25.96622,32.568203,4,302
"2025/09/15 18:25:56",-25.965649,32.567284,24,308
"2025/09/15 18:25:59",-25.96561,32.567146,13,269
"2025/09/15 18:26:01",-25.965649,32.56709,9,217
"2025/09/15 18:26:21",-25.966661,32.566387,33,211
"2025/09/15 18:26:41",-25.967913,32.565517,18,212
"2025/09/15 18:27:01",-25.968275,32.565224,4,209
"2025/09/15 18:27:21",-25.96857,32.56499,10,210
"2025/09/15 18:27:41",-25.968742,32.564964,0,203
"2025/09/15 18:28:01",-25.968742,32.564964,0,203
"2025/09/15 18:28:21",-25.969059,32.564774,12,203
"2025/09/15 18:28:23",-25.969105,32.564777,10,163
"2025/09/15 18:28:26",-25.969172,32.56485,13,129
"2025/09/15 18:28:46",-25.96978,32.56594,14,127
"2025/09/15 18:28:58",-25.969963,32.566345,12,96
"2025/09/15 18:29:00",-25.969946,32.566414,12,59
"2025/09/15 18:29:09",-25.969603,32.56667,19,29
"2025/09/15 18:29:29",-25.969164,32.56695,0,28
"2025/09/15 18:29:49",-25.969164,32.56695,0,28
"2025/09/15 18:30:09",-25.969072,32.567028,0,38
"2025/09/15 18:30:29",-25.969025,32.567066,4,33
"2025/09/15 18:30:49",-25.968847,32.56721,0,34
"2025/09/15 18:31:09",-25.96864,32.56731,0,11
"2025/09/15 18:31:29",-25.968563,32.56736,0,51
"2025/09/15 18:31:49",-25.96849,32.56743,0,50
"2025/09/15 18:32:09",-25.968105,32.56774,16,31
"2025/09/15 18:32:29",-25.967695,32.56798,0,46
"2025/09/15 18:32:49",-25.967064,32.56844,22,31
"2025/09/15 18:33:09",-25.966097,32.56919,18,27
"2025/09/15 18:33:29",-25.965729,32.569466,15,37
"2025/09/15 18:33:49",-25.965052,32.569916,16,32
"2025/09/15 18:34:09",-25.964388,32.570354,9,27
"2025/09/15 18:34:29",-25.9642,32.570507,0,27
"2025/09/15 18:34:49",-25.96414,32.570534,5,15
"2025/09/15 18:34:55",-25.964031,32.570568,8,344
"2025/09/15 18:34:59",-25.963955,32.57054,6,313
"2025/09/15 18:35:19",-25.96377,32.570152,7,311
"2025/09/15 18:35:39",-25.963684,32.569893,0,297
"2025/09/15 18:35:59",-25.963684,32.569893,0,297
"2025/09/15 18:36:19",-25.96357,32.569798,11,298
"2025/09/15 18:36:39",-25.962797,32.568447,30,305
"2025/09/15 18:36:59",-25.962046,32.56714,26,303
"2025/09/15 18:37:19",-25.961338,32.565994,28,306
"2025/09/15 18:37:39",-25.961052,32.56545,13,306
"2025/09/15 18:37:59",-25.960196,32.56403,32,302
"2025/09/15 18:38:19",-25.9599,32.563503,0,291
"2025/09/15 18:38:39",-25.95915,32.562145,39,302
"2025/09/15 18:38:59",-25.95809,32.560406,41,303
"2025/09/15 18:39:19",-25.95717,32.55878,21,300
"2025/09/15 18:39:39",-25.95696,32.558475,13,296
"2025/09/15 18:39:59",-25.95649,32.557728,11,306
"2025/09/15 18:40:19",-25.956198,32.5572,6,302
"2025/09/15 18:40:39",-25.956068,32.556942,0,312
"2025/09/15 18:40:59",-25.955946,32.556778,8,300
"2025/09/15 18:41:19",-25.955908,32.556705,0,318
"2025/09/15 18:41:39",-25.955353,32.555775,38,302
"2025/09/15 18:41:59",-25.95416,32.55365,39,303
"2025/09/15 18:42:06",-25.953932,32.553104,27,260
"2025/09/15 18:42:13",-25.953987,32.55247,36,290
"2025/09/15 18:42:16",-25.953785,32.55223,37,323
"2025/09/15 18:42:25",-25.95311,32.551647,44,289
"2025/09/15 18:42:45",-25.95171,32.54961,45,315
"2025/09/15 18:43:05",-25.950027,32.54781,46,315
"2025/09/15 18:43:25",-25.948322,32.54595,47,315
"2025/09/15 18:43:45",-25.947283,32.544853,18,314
"2025/09/15 18:44:05",-25.94592,32.543327,45,310
"2025/09/15 18:44:25",-25.944601,32.54146,32,307
"2025/09/15 18:44:45",-25.943983,32.540676,16,317
"2025/09/15 18:45:05",-25.943604,32.540283,6,313
"2025/09/15 18:45:25",-25.943531,32.54021,0,326
"2025/09/15 18:45:45",-25.94313,32.53985,20,318
"2025/09/15 18:46:05",-25.942207,32.53835,35,297
"2025/09/15 18:46:25",-25.94128,32.53654,37,299
"2025/09/15 18:46:45",-25.94038,32.53461,37,298
"2025/09/15 18:47:05",-25.939856,32.53345,0,308
"2025/09/15 18:47:25",-25.939854,32.53345,0,308
"2025/09/15 18:47:45",-25.939854,32.53345,0,308
"2025/09/15 18:48:05",-25.939854,32.53345,0,308
"2025/09/15 18:48:25",-25.939854,32.53345,0,308
"2025/09/15 18:48:45",-25.939795,32.533237,3,307
"2025/09/15 18:49:05",-25.939306,32.532314,35,297
"2025/09/15 18:49:25",-25.938374,32.530422,44,298
"2025/09/15 18:49:45",-25.93735,32.528244,46,297
"2025/09/15 18:50:05",-25.936283,32.526024,44,297
"2025/09/15 18:50:25",-25.93526,32.52383,42,297
"2025/09/15 18:50:45",-25.934484,32.522152,19,288
"2025/09/15 18:51:05",-25.934431,32.52199,0,300
"2025/09/15 18:51:25",-25.934126,32.52143,25,296
"2025/09/15 18:51:45",-25.933393,32.519913,19,297
"2025/09/15 18:52:05",-25.93306,32.519234,4,289
"2025/09/15 18:52:25",-25.932852,32.51878,11,297
"2025/09/15 18:52:45",-25.932453,32.517982,21,303
"2025/09/15 18:53:05",-25.931595,32.517036,35,316
"2025/09/15 18:53:25",-25.931042,32.51634,0,297
"2025/09/15 18:53:45",-25.931013,32.516243,0,265
"2025/09/15 18:54:05",-25.931013,32.516243,0,265
"2025/09/15 18:54:10",-25.930979,32.516125,6,299
"2025/09/15 18:54:30",-25.930944,32.516045,0,282
"2025/09/15 18:54:50",-25.930868,32.515884,0,297
"2025/09/15 18:55:10",-25.930826,32.515804,0,282
"2025/09/15 18:55:30",-25.93071,32.51555,14,296
"2025/09/15 18:55:50",-25.930222,32.513676,44,278
"2025/09/15 18:56:10",-25.93043,32.51113,49,251
"2025/09/15 18:56:30",-25.93133,32.50863,46,247
"2025/09/15 18:56:50",-25.932207,32.50627,48,247
"2025/09/15 18:57:10",-25.933079,32.503994,31,248
"2025/09/15 18:57:30",-25.933266,32.503555,0,262
"2025/09/15 18:57:50",-25.933266,32.503555,0,262
"2025/09/15 18:58:10",-25.933266,32.503555,0,262
"2025/09/15 18:58:30",-25.933266,32.503555,0,262
"2025/09/15 18:58:50",-25.933266,32.503555,0,262
"2025/09/15 18:59:10",-25.933283,32.503345,13,251
"2025/09/15 18:59:30",-25.93382,32.50198,36,247
"2025/09/15 18:59:50",-25.934673,32.4997,46,248
"2025/09/15 19:00:10",-25.935587,32.497204,48,247
"2025/09/15 19:00:30",-25.936485,32.494793,46,246
"2025/09/15 19:00:50",-25.937634,32.4925,48,237
"2025/09/15 19:01:10",-25.938887,32.49027,50,238
"2025/09/15 19:01:30",-25.940144,32.488,48,237
"2025/09/15 19:01:50",-25.941181,32.48621,23,238
"2025/09/15 19:02:10",-25.941744,32.485233,13,235
"2025/09/15 19:02:30",-25.941893,32.484978,15,237
"2025/09/15 19:02:50",-25.942112,32.48459,0,244
"2025/09/15 19:03:10",-25.942291,32.48427,16,239
"2025/09/15 19:03:30",-25.94303,32.48294,41,239
"2025/09/15 19:03:50",-25.943827,32.48156,19,237
"2025/09/15 19:04:10",-25.944822,32.479824,42,238
"2025/09/15 19:04:30",-25.945665,32.478416,10,238
"2025/09/15 19:04:50",-25.945692,32.478363,3,249
"2025/09/15 19:05:10",-25.946026,32.47771,27,236
"2025/09/15 19:05:30",-25.946987,32.475975,43,238
"2025/09/15 19:05:50",-25.948065,32.473915,44,244
"2025/09/15 19:06:10",-25.949038,32.471672,44,244
"2025/09/15 19:06:30",-25.949734,32.470062,9,252
"2025/09/15 19:06:41",-25.949802,32.469917,6,217
"2025/09/15 19:07:01",-25.949842,32.469826,0,284
"2025/09/15 19:07:21",-25.949842,32.469826,0,284
"2025/09/15 19:07:36",-25.949854,32.469776,9,247
"2025/09/15 19:07:56",-25.950392,32.468533,36,243
"2025/09/15 19:08:16",-25.951242,32.466587,42,244
"2025/09/15 19:08:36",-25.952066,32.46467,27,239
"2025/09/15 19:08:56",-25.952354,32.464005,23,245
"2025/09/15 19:09:16",-25.953228,32.462128,46,246
"2025/09/15 19:09:36",-25.95375,32.460896,16,246
"2025/09/15 19:09:56",-25.953922,32.460472,6,244
"2025/09/15 19:10:07",-25.95394,32.460297,12,274
"2025/09/15 19:10:10",-25.953894,32.460197,15,304
"2025/09/15 19:10:13",-25.953785,32.46011,15,336
"2025/09/15 19:10:33",-25.952593,32.45944,22,331
"2025/09/15 19:10:53",-25.952255,32.459236,0,333
"2025/09/15 19:11:13",-25.952099,32.459145,20,331
"2025/09/15 19:11:33",-25.951233,32.458603,0,334
"2025/09/15 19:11:53",-25.950642,32.45827,30,332
"2025/09/15 19:12:13",-25.949347,32.4575,24,327
"2025/09/15 19:12:33",-25.94772,32.456554,37,332
"2025/09/15 19:12:53",-25.945738,32.45536,45,333
"2025/09/15 19:13:13",-25.943972,32.454235,19,331
"2025/09/15 19:13:33",-25.942852,32.45358,16,333
"2025/09/15 19:13:53",-25.94267,32.45348,10,330
"2025/09/15 19:14:13",-25.941233,32.452663,43,331
"2025/09/15 19:14:33",-25.939934,32.45183,0,339
"2025/09/15 19:14:53",-25.939379,32.451508,28,331
"2025/09/15 19:15:13",-25.937847,32.45056,30,329
"2025/09/15 19:15:33",-25.937431,32.450317,0,337
"2025/09/15 19:15:53",-25.9369,32.450005,30,329
"2025/09/15 19:16:13",-25.934948,32.448856,47,331
"2025/09/15 19:16:33",-25.932888,32.447613,45,331
"2025/09/15 19:16:53",-25.930824,32.44636,48,331
"2025/09/15 19:17:13",-25.929031,32.4453,26,330
"2025/09/15 19:17:33",-25.928778,32.44513,0,334
"2025/09/15 19:17:53",-25.927612,32.444492,44,330
"2025/09/15 19:18:13",-25.925554,32.44325,49,331
"2025/09/15 19:18:33",-25.92341,32.441975,46,332
"2025/09/15 19:18:53",-25.921902,32.44102,6,332
"2025/09/15 19:19:13",-25.921833,32.44098,9,332
"2025/09/15 19:19:33",-25.920774,32.440365,41,331
"2025/09/15 19:19:53",-25.91877,32.439167,47,331
"2025/09/15 19:20:13",-25.916697,32.43795,46,331
"2025/09/15 19:20:33",-25.915129,32.437008,20,336
"2025/09/15 19:20:53",-25.914753,32.43676,17,327
"2025/09/15 19:21:13",-25.913342,32.435932,36,332
"2025/09/15 19:21:33",-25.912077,32.435097,9,332
"2025/09/15 19:21:53",-25.912054,32.435085,0,332
"2025/09/15 19:22:13",-25.911694,32.434914,25,332
"2025/09/15 19:22:33",-25.910353,32.43423,20,342
"2025/09/15 19:22:53",-25.90942,32.434086,8,359
"2025/09/15 19:23:13",-25.908714,32.434036,13,0
"2025/09/15 19:23:33",-25.9083,32.434013,10,356
"2025/09/15 19:23:53",-25.90806,32.434013,0,354
"2025/09/15 19:24:13",-25.90771,32.43402,8,5
"2025/09/15 19:24:33",-25.907454,32.434013,0,353
"2025/09/15 19:24:53",-25.907137,32.43402,24,358
"2025/09/15 19:25:13",-25.906858,32.434013,0,355
"2025/09/15 19:25:33",-25.906807,32.434017,10,2
"2025/09/15 19:25:53",-25.905697,32.434,38,359
"2025/09/15 19:26:13",-25.903429,32.43398,47,357
"2025/09/15 19:26:33",-25.90107,32.4339,47,358
"2025/09/15 19:26:53",-25.898766,32.43377,42,355
"2025/09/15 19:27:13",-25.898026,32.433743,6,357
"2025/09/15 19:27:33",-25.896519,32.43375,49,358
"2025/09/15 19:27:53",-25.89417,32.43366,40,358
"2025/09/15 19:28:13",-25.893368,32.433613,0,355
"2025/09/15 19:28:33",-25.893322,32.433613,10,359
"2025/09/15 19:28:53",-25.892712,32.433567,9,3
"2025/09/15 19:29:13",-25.892174,32.433548,11,357
"2025/09/15 19:29:33",-25.891691,32.433544,9,359
"2025/09/15 19:29:53",-25.891157,32.43358,10,358
"2025/09/15 19:30:13",-25.890785,32.433556,4,359
"2025/09/15 19:30:33",-25.890684,32.433556,5,358
"2025/09/15 19:30:53",-25.889812,32.433525,9,5
"2025/09/15 19:31:13",-25.889475,32.433525,14,0
"2025/09/15 19:31:33",-25.889263,32.433525,0,359
"2025/09/15 19:31:53",-25.889263,32.433525,0,359
"2025/09/15 19:32:13",-25.889263,32.433525,0,359
"2025/09/15 19:32:33",-25.889263,32.433525,0,359
"2025/09/15 19:32:53",-25.88894,32.433502,14,358
"2025/09/15 19:33:13",-25.888004,32.433483,15,356
"2025/09/15 19:33:33",-25.887363,32.433468,11,354
"2025/09/15 19:33:53",-25.887226,32.433437,0,359
"2025/09/15 19:34:13",-25.887226,32.433437,0,359
"2025/09/15 19:34:33",-25.886995,32.433483,16,350
"2025/09/15 19:34:53",-25.885109,32.43341,44,356
"2025/09/15 19:35:13",-25.882751,32.433304,45,358
"2025/09/15 19:35:33",-25.880478,32.433235,39,0
"2025/09/15 19:35:53",-25.87999,32.43319,0,9
"2025/09/15 19:36:13",-25.87999,32.43319,0,9
"2025/09/15 19:36:33",-25.87975,32.433205,18,357
"2025/09/15 19:36:53",-25.878242,32.433186,48,358
"2025/09/15 19:37:13",-25.875832,32.433105,50,358
"2025/09/15 19:37:33",-25.873446,32.433025,45,357
"2025/09/15 19:37:53",-25.871025,32.43296,48,356
"2025/09/15 19:38:13",-25.8687,32.432606,45,344
"2025/09/15 19:38:13",-25.8687,32.432606,45,344
"2025/09/15 19:38:33",-25.867308,32.43216,0,348
"2025/09/15 19:38:43",-25.867298,32.432156,6,22
"2025/09/15 19:38:45",-25.867216,32.432194,12,52
"2025/09/15 19:39:05",-25.867125,32.432453,0,71
"2025/09/15 19:39:25",-25.867094,32.432503,5,44
"2025/09/15 19:39:29",-25.867018,32.432545,12,7
"2025/09/15 19:39:35",-25.866755,32.432465,25,337
"2025/09/15 19:39:55",-25.865604,32.43185,28,331
"2025/09/15 19:40:15",-25.864439,32.431152,21,330
"2025/09/15 19:40:35",-25.863216,32.430458,14,332
"2025/09/15 19:40:55",-25.862345,32.429905,20,329
"2025/09/15 19:41:15",-25.861938,32.429646,8,345
"2025/09/15 19:41:35",-25.860558,32.428864,39,331
"2025/09/15 19:41:55",-25.858652,32.427742,37,330
"2025/09/15 19:42:15",-25.857176,32.42685,27,331
"2025/09/15 19:42:35",-25.855871,32.42608,32,330
"2025/09/15 19:42:55",-25.854454,32.425247,27,331
"2025/09/15 19:43:15",-25.853619,32.424713,9,326
"2025/09/15 19:43:35",-25.853083,32.424335,14,320
"2025/09/15 19:43:55",-25.852962,32.424267,6,354
"2025/09/15 19:44:15",-25.851631,32.42353,39,331
"2025/09/15 19:44:35",-25.850086,32.422596,10,333
"2025/09/15 19:44:55",-25.849312,32.422115,19,327
"2025/09/15 19:45:15",-25.849096,32.421967,12,331
"2025/09/15 19:45:35",-25.847767,32.421204,33,332
"2025/09/15 19:45:52",-25.84691,32.420708,12,11
"2025/09/15 19:45:55",-25.84683,32.420765,11,48
"2025/09/15 19:46:15",-25.846182,32.422073,42,63
"2025/09/15 19:46:35",-25.84529,32.42399,27,62
"2025/09/15 19:46:42",-25.845139,32.424213,9,9
"2025/09/15 19:46:54",-25.84486,32.42418,11,53
"2025/09/15 19:46:57",-25.84484,32.42427,11,104
"2025/09/15 19:46:59",-25.844885,32.424347,12,141
"2025/09/15 19:47:07",-25.845106,32.424458,9,177
"2025/09/15 19:47:10",-25.845173,32.42443,10,218
"2025/09/15 19:47:14",-25.845234,32.424343,7,255
"2025/09/15 19:47:34",-25.84525,32.42429,0,258
"2025/09/15 19:47:54",-25.845713,32.423252,35,240
"2025/09/15 19:48:14",-25.846617,32.42135,32,242
"2025/09/15 19:48:28",-25.846968,32.42077,13,202
"2025/09/15 19:48:30",-25.847042,32.42076,15,168
"2025/09/15 19:48:50",-25.84842,32.42164,35,152
"2025/09/15 19:49:10",-25.84924,32.42218,0,160
"2025/09/15 19:49:30",-25.84924,32.42218,0,160
"2025/09/15 19:49:50",-25.849836,32.422447,20,151
"2025/09/15 19:50:10",-25.85056,32.42286,20,151
"2025/09/15 19:50:30",-25.851736,32.423588,29,150
"2025/09/15 19:50:50",-25.852938,32.424328,24,151
"2025/09/15 19:51:10",-25.85339,32.424587,8,152
"2025/09/15 19:51:18",-25.853594,32.424667,9,185
"2025/09/15 19:51:20",-25.853638,32.42465,9,217
"2025/09/15 19:51:30",-25.853832,32.424446,11,182
"2025/09/15 19:51:50",-25.853916,32.424465,3,166
"2025/09/15 19:52:10",-25.855007,32.425045,34,153
"2025/09/15 19:52:30",-25.856665,32.425987,38,151
"2025/09/15 19:52:50",-25.85842,32.42705,39,152
"2025/09/15 19:53:10",-25.860332,32.428215,45,152
"2025/09/15 19:53:30",-25.86215,32.429348,36,149
"2025/09/15 19:53:50",-25.862898,32.429848,0,156
"2025/09/15 19:54:10",-25.862898,32.429848,0,156
"2025/09/15 19:54:30",-25.863178,32.42995,25,154
"2025/09/15 19:54:50",-25.864794,32.430862,45,151
"2025/09/15 19:55:10",-25.866728,32.431973,39,153
"2025/09/15 19:55:30",-25.86823,32.432556,40,165
"2025/09/15 19:55:50",-25.870531,32.43303,47,173
"2025/09/15 19:56:10",-25.872932,32.433167,47,177
"2025/09/15 19:56:30",-25.875336,32.433254,48,177
"2025/09/15 19:56:50",-25.87772,32.43333,47,177
"2025/09/15 19:57:10",-25.879826,32.43344,27,178
"2025/09/15 19:57:30",-25.881737,32.43342,48,175
"2025/09/15 19:57:50",-25.88416,32.433548,47,178
"2025/09/15 19:58:10",-25.886522,32.433655,46,179
"2025/09/15 19:58:30",-25.88824,32.433678,18,180
"2025/09/15 19:58:50",-25.889067,32.43368,12,185
"2025/09/15 19:59:10",-25.889393,32.433723,0,172
"2025/09/15 19:59:30",-25.889393,32.433723,0,172
"2025/09/15 19:59:50",-25.889671,32.433716,21,179
"2025/09/15 20:00:10",-25.891514,32.433735,42,178
"2025/09/15 20:00:30",-25.893595,32.433815,30,177
"2025/09/15 20:00:50",-25.89558,32.433857,44,179
"2025/09/15 20:01:10",-25.89781,32.43398,41,178
"2025/09/15 20:01:30",-25.898922,32.434006,0,188
"2025/09/15 20:01:50",-25.900467,32.433987,45,177
"2025/09/15 20:02:10",-25.90283,32.434067,46,178
"2025/09/15 20:02:30",-25.905075,32.43416,45,179
"2025/09/15 20:02:50",-25.907011,32.434242,32,179
"2025/09/15 20:03:10",-25.90854,32.43429,8,181
"2025/09/15 20:03:30",-25.908556,32.434288,0,181
"2025/09/15 20:03:50",-25.908556,32.434288,0,181
"2025/09/15 20:04:10",-25.909489,32.43427,41,178
"2025/09/15 20:04:30",-25.911398,32.434975,32,151
"2025/09/15 20:04:50",-25.912064,32.43543,0,152
"2025/09/15 20:05:10",-25.913258,32.4361,49,151
"2025/09/15 20:05:30",-25.91535,32.43737,47,152
"2025/09/15 20:05:50",-25.917433,32.4386,46,152
"2025/09/15 20:05:50",-25.917433,32.4386,46,152
"2025/09/15 20:06:10",-25.919525,32.439854,46,152
"2025/09/15 20:06:30",-25.921299,32.440914,28,153
"2025/09/15 20:06:50",-25.92271,32.441757,36,151
"2025/09/15 20:07:10",-25.924667,32.442932,47,152
"2025/09/15 20:07:30",-25.92677,32.44417,49,151
"2025/09/15 20:07:50",-25.928753,32.44537,27,152
"2025/09/15 20:08:10",-25.929235,32.445686,26,152
"2025/09/15 20:08:30",-25.931173,32.44683,47,151
"2025/09/15 20:08:50",-25.933214,32.44805,24,150
"2025/09/15 20:09:10",-25.93363,32.44831,29,152
"2025/09/15 20:09:30",-25.935673,32.449505,47,151
"2025/09/15 20:09:50",-25.937757,32.45074,50,149
"2025/09/15 20:10:10",-25.939882,32.452003,48,151
"2025/09/15 20:10:30",-25.941994,32.45328,47,151
"2025/09/15 20:10:50",-25.944126,32.45455,47,151
"2025/09/15 20:11:10",-25.946169,32.455856,47,151
"2025/09/15 20:11:30",-25.948288,32.457127,47,152
"2025/09/15 20:11:50",-25.950418,32.458393,48,150
"2025/09/15 20:12:10",-25.951784,32.459225,10,155
"2025/09/15 20:12:30",-25.952429,32.459606,29,147
"2025/09/15 20:12:50",-25.952747,32.459816,10,150
"2025/09/15 20:13:06",-25.953558,32.460552,35,115
"2025/09/15 20:13:09",-25.953575,32.46088,41,79
"2025/09/15 20:13:29",-25.952452,32.463287,46,62
"2025/09/15 20:13:49",-25.9514,32.465714,47,64
"2025/09/15 20:14:09",-25.950897,32.466892,0,66
"2025/09/15 20:14:29",-25.950188,32.46862,47,65
"2025/09/15 20:14:49",-25.949137,32.470978,45,63
"2025/09/15 20:15:09",-25.94878,32.471783,0,67
"2025/09/15 20:15:29",-25.94868,32.472034,26,63
"2025/09/15 20:15:49",-25.947762,32.47415,45,65
"2025/09/15 20:16:09",-25.946579,32.476456,47,57
"2025/09/15 20:16:29",-25.94525,32.478733,47,58
"2025/09/15 20:16:49",-25.944235,32.480553,36,59
"2025/09/15 20:17:09",-25.943388,32.482082,32,54
"2025/09/15 20:17:29",-25.942604,32.48343,15,57
"2025/09/15 20:17:49",-25.942146,32.484226,24,51
"2025/09/15 20:18:09",-25.941816,32.48478,26,59
"2025/09/15 20:18:29",-25.940994,32.48623,23,62
"2025/09/15 20:18:49",-25.939875,32.488354,45,58
"2025/09/15 20:19:09",-25.938631,32.49056,46,58
"2025/09/15 20:19:29",-25.937374,32.492805,48,57
"2025/09/15 20:19:49",-25.93624,32.495125,48,68
"2025/09/15 20:20:09",-25.93534,32.497536,46,68
"2025/09/15 20:20:29",-25.934414,32.499985,47,66
"2025/09/15 20:20:49",-25.9335,32.502457,46,67
"2025/09/15 20:21:09",-25.933073,32.503567,0,72
"2025/09/15 20:21:29",-25.933027,32.503727,22,64
"2025/09/15 20:21:49",-25.932192,32.505913,45,67
"2025/09/15 20:22:09",-25.931293,32.508423,47,67
"2025/09/15 20:22:29",-25.930439,32.51085,40,70
"2025/09/15 20:22:49",-25.930004,32.51268,48,84
"2025/09/15 20:23:09",-25.930317,32.515175,37,103
"2025/09/15 20:23:29",-25.93046,32.515675,0,119
"2025/09/15 20:23:49",-25.93046,32.515675,0,119
"2025/09/15 20:24:09",-25.93046,32.515675,0,119
"2025/09/15 20:24:29",-25.93046,32.515675,0,119
"2025/09/15 20:24:39",-25.930418,32.5156,6,284
"2025/09/15 20:24:50",-25.930428,32.51556,7,161
"2025/09/15 20:24:55",-25.930529,32.51558,7,131
"2025/09/15 20:24:57",-25.93054,32.515614,9,98
"2025/09/15 20:25:17",-25.930616,32.51584,10,112
"2025/09/15 20:25:37",-25.931791,32.517406,47,135
"2025/09/15 20:25:57",-25.933079,32.519535,48,117
"2025/09/15 20:26:17",-25.934107,32.521748,42,116
"2025/09/15 20:26:37",-25.93519,32.523994,45,118
"2025/09/15 20:26:57",-25.936224,32.5262,45,118
"2025/09/15 20:27:17",-25.937292,32.528423,44,118
"2025/09/15 20:27:37",-25.93834,32.530552,41,118
"2025/09/15 20:27:37",-25.93834,32.530552,41,118
"2025/09/15 20:27:57",-25.939362,32.532684,48,116
"2025/09/15 20:28:17",-25.940428,32.535027,49,117
"2025/09/15 20:28:37",-25.941528,32.537365,46,117
"2025/09/15 20:28:57",-25.942484,32.539692,46,112
"2025/09/15 20:29:17",-25.943106,32.5411,0,133
"2025/09/15 20:29:37",-25.943977,32.541885,38,146
"2025/09/15 20:29:57",-25.945803,32.5434,46,137
"2025/09/15 20:30:17",-25.94753,32.54522,46,136
"2025/09/15 20:30:37",-25.949265,32.547108,48,135
"2025/09/15 20:30:57",-25.95096,32.54904,45,136
"2025/09/15 20:31:17",-25.95264,32.550846,46,129
"2025/09/15 20:31:28",-25.953138,32.55202,38,98
"2025/09/15 20:31:31",-25.953108,32.55235,41,67
"2025/09/15 20:31:37",-25.952993,32.55297,38,103
"2025/09/15 20:31:40",-25.953156,32.55325,38,134
"2025/09/15 20:31:43",-25.953405,32.55338,36,165
"2025/09/15 20:31:49",-25.953873,32.553543,32,129
"2025/09/15 20:32:09",-25.955074,32.555603,44,123
"2025/09/15 20:32:29",-25.956028,32.557224,13,113
"2025/09/15 20:32:49",-25.956158,32.557484,9,125
"2025/09/15 20:33:09",-25.956688,32.55841,19,122
"2025/09/15 20:33:29",-25.956959,32.558884,0,127
"2025/09/15 20:33:49",-25.957235,32.559437,12,119
"2025/09/15 20:34:09",-25.957655,32.5601,14,124
"2025/09/15 20:34:29",-25.958023,32.560726,15,122
"2025/09/15 20:34:49",-25.958576,32.561623,22,121
"2025/09/15 20:35:09",-25.959211,32.56266,20,123
"2025/09/15 20:35:29",-25.95985,32.563705,23,122
"2025/09/15 20:35:49",-25.960278,32.56448,0,123
"2025/09/15 20:36:09",-25.960442,32.564697,21,126
"2025/09/15 20:36:29",-25.961151,32.565964,24,122
"2025/09/15 20:36:49",-25.961935,32.567368,30,121
"2025/09/15 20:37:09",-25.962563,32.568382,12,127
"2025/09/15 20:37:29",-25.962671,32.568573,11,123
"2025/09/15 20:37:41",-25.962868,32.568943,12,91
"2025/09/15 20:37:43",-25.962843,32.569004,13,53
"2025/09/15 20:38:03",-25.962004,32.569553,18,32
"2025/09/15 20:38:23",-25.961254,32.570057,11,28
"2025/09/15 20:38:43",-25.960485,32.5707,26,38
"2025/09/15 20:39:03",-25.959486,32.5714,16,80
"2025/09/15 20:39:05",-25.959534,32.571503,19,124
"2025/09/15 20:39:25",-25.960188,32.572594,20,122
"2025/09/15 20:39:39",-25.960497,32.573196,16,90
"2025/09/15 20:39:42",-25.960451,32.57331,16,48
"2025/09/15 20:40:02",-25.959463,32.57392,22,33
"2025/09/15 20:40:22",-25.958578,32.57456,0,45
"2025/09/15 20:40:29",-25.958555,32.574623,9,76
"2025/09/15 20:40:32",-25.958553,32.574696,8,112
"2025/09/15 20:40:52",-25.958773,32.575016,10,121
"2025/09/15 20:41:12",-25.959072,32.575546,0,120
"2025/09/15 20:41:25",-25.959255,32.57595,13,79
"2025/09/15 20:41:27",-25.959208,32.576015,16,42
"2025/09/15 20:41:47",-25.958632,32.576366,10,33
"2025/09/15 20:42:02",-25.958149,32.576656,13,0
"2025/09/15 20:42:03",-25.958117,32.576633,14,327
"2025/09/15 20:42:06",-25.958061,32.576527,13,297
"2025/09/15 20:42:09",-25.958073,32.576416,7,245
"2025/09/15 20:42:29",-25.958113,32.576366,0,242
"2025/09/15 20:42:49",-25.958158,32.576305,0,244
"2025/09/15 20:43:09",-25.958158,32.576298,0,244
"2025/09/15 20:43:27",-25.958464,32.575863,6,212
"2025/09/15 20:43:47",-25.958588,32.575813,3,204
"2025/09/15 20:43:59",-25.95872,32.575806,6,144
"2025/09/15 20:44:19",-25.9588,32.575996,0,125
"2025/09/15 20:44:39",-25.958847,32.576054,0,154
"2025/09/15 20:44:59",-25.958847,32.576054,0,154
"2025/09/15 20:45:19",-25.958847,32.576054,0,154
"2025/09/15 20:45:39",-25.958847,32.576054,0,154
"2025/09/15 20:45:59",-25.958847,32.576054,0,154
"2025/09/15 20:46:19",-25.958847,32.576054,0,154
"2025/09/15 20:46:39",-25.958847,32.576054,0,154
"2025/09/15 20:46:59",-25.958847,32.576054,0,154
"2025/09/15 20:47:06",-25.958847,32.576054,0,154
"2025/09/15 20:47:26",-25.958847,32.576054,0,154
"2025/09/15 20:47:46",-25.958847,32.576054,0,154
"2025/09/15 20:48:06",-25.958847,32.576054,0,154
"2025/09/15 20:48:26",-25.958847,32.576054,0,154
"2025/09/15 20:48:46",-25.958847,32.576054,0,154
"2025/09/15 20:49:06",-25.958847,32.576054,0,154
"2025/09/15 20:49:26",-25.958847,32.576054,0,154
"2025/09/15 20:49:46",-25.958847,32.576054,0,154
"2025/09/15 20:50:06",-25.958847,32.576054,0,154
"2025/09/15 20:50:26",-25.958847,32.576054,0,154
"2025/09/15 20:50:46",-25.958847,32.576054,0,154
"2025/09/15 20:51:06",-25.958847,32.576054,0,154
"2025/09/15 20:51:26",-25.958847,32.576054,0,154
"2025/09/15 20:51:46",-25.958847,32.576054,0,154
"2025/09/15 20:52:06",-25.958847,32.576054,0,154
"2025/09/15 20:52:10",-25.958847,32.576054,0,154
"2025/09/15 21:02:10",-25.958847,32.576054,0,154
"2025/09/15 21:12:10",-25.958847,32.576054,0,154
"2025/09/15 21:22:10",-25.958847,32.576054,0,154
"2025/09/15 21:32:10",-25.958847,32.576054,0,154
"2025/09/15 21:42:10",-25.958847,32.576054,0,154
"2025/09/15 21:52:10",-25.958847,32.576054,0,154
"2025/09/15 22:02:10",-25.958847,32.576054,0,154
"2025/09/15 22:12:10",-25.958847,32.576054,0,154
"2025/09/15 22:22:10",-25.958847,32.576054,0,154
"2025/09/15 23:56:34",-25.958788,32.57606,0,209
"2025/09/15 23:56:54",-25.958788,32.57606,0,209
"2025/09/15 23:57:14",-25.958788,32.57606,0,209
"2025/09/15 23:57:34",-25.958788,32.57606,0,209
"2025/09/15 23:57:54",-25.958788,32.57606,0,209
"2025/09/15 23:58:14",-25.958788,32.57606,0,209
"2025/09/15 23:58:34",-25.958788,32.57606,0,209
"2025/09/15 23:58:54",-25.958788,32.57606,0,209
